,Year,Month,Day,StartTS,EndTS,TimeZone,MRID,Status,Type,areacode,AreaTypeCode,AreaName,MapCode,PowerResourceEIC,UnitName,ProductionType,InstalledGenCapacity,UnavailabilityValue,Version,Reason,UpdateTime,startMins,endMins
3432425,2015,2,5,2015-02-05 21:57:00.000,2015-02-06 02:00:00.000,CET,YWWJTBUuxcIBLcIEVRnUuQ,Active,Forced,10Y1001A1001A45N,BZN,SE2 BZ,SE2,46WGU0000000046R,Stalon G1,Hydro Water Reservoir ,120.0,0,1,Failure,2018-10-02 11:43:28,51717.0,51960.0
3446951,2015,2,18,2015-02-18 07:00:00.000,2015-02-19 16:10:00.000,CET,Nr-YnZBt7gp_oonu0Cpucw,Active,Planned,10Y1001A1001A45N,BZN,SE2 BZ,SE2,46WGU0000000042Z,Stornorrfors G1,Hydro Water Reservoir ,136.0,0,2,Foreseen Maintenance,2018-10-02 11:44:11,69540.0,71530.0
5268061,2015,3,9,2015-03-09 14:30:00.000,2015-03-09 17:00:00.000,CET,uN-1LTwdLq3yKshxn7bWkQ,Active,Planned,10Y1001A1001A45N,BZN,SE2 BZ,SE2,46WGU0000000044V,Stornorrfors G3,Hydro Water Reservoir ,136.0,0,1,Foreseen Maintenance,2018-10-02 11:45:15,97350.0,97500.0
5280631,2015,3,24,2015-03-24 07:00:00.000,2015-03-24 13:50:00.000,CET,oC7btc-ug3BjesoSoYIBEA,Active,Planned,10Y1001A1001A45N,BZN,SE2 BZ,SE2,46WGU0000000044V,Stornorrfors G3,Hydro Water Reservoir ,136.0,0,2,Foreseen Maintenance,2018-10-02 11:46:18,118500.0,118910.0
5283569,2015,3,26,2015-03-26 07:00:00.000,2015-03-26 13:55:00.000,CET,vqwkz-kpwSIOJJTPr9VpUg,Active,Planned,10Y1001A1001A45N,BZN,SE2 BZ,SE2,46WGU0000000045T,Stornorrfors G4,Hydro Water Reservoir ,171.0,0,3,Foreseen Maintenance,2018-10-02 11:46:37,121380.0,121795.0
5712543,2015,4,13,2015-04-13 07:00:00.000,2015-04-24 13:43:00.000,CET,vH0nf3YfYmMNPzX-ZzTrkg,Active,Planned,10Y1001A1001A45N,BZN,SE2 BZ,SE2,46WGU0000000046R,Stalon G1,Hydro Water Reservoir ,120.0,0,2,Foreseen Maintenance,2018-10-02 11:49:34,147300.0,163543.0
4752165,2015,5,24,2015-05-24 13:32:00.000,2015-05-24 15:00:00.000,CET,6fGPbPTNNphfvaKEpqTfng,Active,Forced,10Y1001A1001A45N,BZN,SE2 BZ,SE2,46WGU0000000046R,Stalon G1,Hydro Water Reservoir ,120.0,0,1,Failure,2018-10-02 11:53:05,206732.0,206820.0
4840609,2015,6,7,2015-06-07 13:30:00.000,2015-06-07 17:30:00.000,CET,2xa_MOP1OXZSfzLeG3fNIg,Active,Planned,10Y1001A1001A45N,BZN,SE2 BZ,SE2,46WGU0000000042Z,Stornorrfors G1,Hydro Water Reservoir ,136.0,0,4,Foreseen Maintenance,2018-10-02 11:54:48,226890.0,227130.0
4848966,2015,6,16,2015-06-16 13:50:00.000,2015-06-16 15:00:00.000,CET,xmTrwOt0b0ybkrCQJNo1ZA,Active,Planned,10Y1001A1001A45N,BZN,SE2 BZ,SE2,46WGU0000000043X,Stornorrfors G2,Hydro Water Reservoir ,136.0,0,1,Foreseen Maintenance,2018-10-02 11:56:41,239870.0,239940.0
4866737,2015,6,25,2015-06-25 13:07:00.000,2015-06-25 18:45:00.000,CET,BE-sPKIskGnJExSwdM92Ew,Active,Forced,10Y1001A1001A45N,BZN,SE2 BZ,SE2,46WGU0000000043X,Stornorrfors G2,Hydro Water Reservoir ,136.0,0,3,Failure,2018-10-02 11:58:46,252787.0,253125.0
423324,2015,7,2,2015-07-02 07:30:00.000,2015-07-02 09:00:00.000,CET,qB05dDLmsLvU7G17z8KSTw,Active,Planned,10Y1001A1001A45N,BZN,SE2 BZ,SE2,46WGU0000000043X,Stornorrfors G2,Hydro Water Reservoir ,136.0,0,1,Foreseen Maintenance,2018-10-02 11:59:27,262530.0,262620.0
425183,2015,7,2,2015-07-02 08:10:00.000,2015-07-02 08:40:00.000,CET,wECtqVCyH-BwbFh7q5sG-A,Active,Forced,10Y1001A1001A45N,BZN,SE2 BZ,SE2,46WGU0000000046R,Stalon G1,Hydro Water Reservoir ,120.0,0,2,Failure,2018-10-02 11:59:50,262570.0,262600.0
421916,2015,7,8,2015-07-08 09:00:00.000,2015-07-08 10:00:00.000,CET,LPczjkHyisVKyIZntJ8TOQ,Withdrawn,Planned,10Y1001A1001A45N,BZN,SE2 BZ,SE2,46WGU0000000043X,Stornorrfors G2,Hydro Water Reservoir ,136.0,0,1,Foreseen Maintenance,2018-10-02 11:58:43,271260.0,271320.0
471468,2015,7,25,2015-07-25 01:55:00.000,2015-07-25 02:55:00.000,CET,OKLhCYcgbgVZIu5ipSy3ug,Active,Forced,10Y1001A1001A45N,BZN,SE2 BZ,SE2,46WGU0000000043X,Stornorrfors G2,Hydro Water Reservoir ,136.0,0,2,Failure,2018-10-02 12:05:24,295315.0,295375.0
2742116,2015,9,5,2015-09-05 09:18:00.000,2015-09-05 15:00:00.000,CET,Op9q8aFZcw8OTKNGr5nETw,Active,Forced,10Y1001A1001A45N,BZN,SE2 BZ,SE2,46WGU0000000045T,Stornorrfors G4,Hydro Water Reservoir ,171.0,0,2,Failure,2018-10-02 12:17:32,356238.0,356580.0
2730261,2015,9,24,2015-09-24 07:00:00.000,2015-10-30 16:00:00.000,CET,xObFOM-XexKsiVmtKTfqlw,Withdrawn,Planned,10Y1001A1001A45N,BZN,SE2 BZ,SE2,46WGU0000000044V,Stornorrfors G3,Hydro Water Reservoir ,136.0,0,1,Foreseen Maintenance,2018-10-02 11:46:18,383460.0,435840.0
2751655,2015,9,29,2015-09-29 14:00:00.000,2015-09-30 15:00:00.000,CET,k0f_YTDhd9LY_P124TL-TQ,Active,Planned,10Y1001A1001A45N,BZN,SE2 BZ,SE2,46WGU0000000043X,Stornorrfors G2,Hydro Water Reservoir ,136.0,0,1,Foreseen Maintenance,2018-10-02 12:19:05,391080.0,392580.0
1002221,2015,10,7,2015-10-07 07:00:00.000,2015-10-13 10:42:00.000,CET,fL1cMdR21zLg5ufPlcBDEw,Active,Planned,10Y1001A1001A45N,BZN,SE2 BZ,SE2,46WGU0000000043X,Stornorrfors G2,Hydro Water Reservoir ,136.0,0,4,Foreseen Maintenance,2018-10-02 12:26:27,402180.0,411042.0
1003271,2015,10,14,2015-10-14 11:00:00.000,2015-10-14 13:55:00.000,CET,HC6PJP17e9_OfXRTa26ypQ,Active,Planned,10Y1001A1001A45N,BZN,SE2 BZ,SE2,46WGU0000000046R,Stalon G1,Hydro Water Reservoir ,120.0,0,2,Foreseen Maintenance,2018-10-02 12:26:45,412500.0,412675.0
963384,2015,10,23,2015-10-23 07:00:00.000,2015-11-16 16:00:00.000,CET,DGMGa49XDFuRgGVs6COT1g,Withdrawn,Planned,10Y1001A1001A45N,BZN,SE2 BZ,SE2,46WGU0000000045T,Stornorrfors G4,Hydro Water Reservoir ,171.0,0,1,Foreseen Maintenance,2018-10-02 11:46:18,425220.0,460320.0
1021550,2015,10,25,2015-10-25 06:45:00.000,2015-10-25 10:50:00.000,CET,xjag8CHrcoUfmNypW7dJlg,Active,Forced,10Y1001A1001A45N,BZN,SE2 BZ,SE2,46WGU0000000046R,Stalon G1,Hydro Water Reservoir ,120.0,0,3,Failure,2018-10-02 12:30:18,428085.0,428330.0
5193745,2015,11,2,2015-11-02 15:01:00.000,2015-11-02 22:05:00.000,CET,MAsgVNS9ysvK3nnXTBvB0Q,Active,Forced,10Y1001A1001A45N,BZN,SE2 BZ,SE2,46WGU0000000043X,Stornorrfors G2,Hydro Water Reservoir ,136.0,0,2,Failure,2018-10-02 12:33:12,440101.0,440525.0
5243333,2015,11,23,2015-11-23 08:00:00.000,2015-12-15 18:00:00.000,CET,42HAslyVPw5DA3RBv_-jgQ,Active,Planned,10Y1001A1001A45N,BZN,SE2 BZ,SE2,46WGU0000000042Z,Stornorrfors G1,Hydro Water Reservoir ,136.0,0,3,Foreseen Maintenance,2018-10-02 12:48:04,469920.0,502200.0
5851864,2015,12,3,2015-12-03 15:00:00.000,2015-12-03 19:00:00.000,CET,-p1HOokhYX-UPO6Uasjwsg,Active,Planned,10Y1001A1001A45N,BZN,SE2 BZ,SE2,46WGU0000000043X,Stornorrfors G2,Hydro Water Reservoir ,136.0,0,1,Failure,2018-10-02 12:42:14,484740.0,484980.0
5854475,2015,12,6,2015-12-06 12:05:00.000,2015-12-06 15:00:00.000,CET,KSbt6wHg3SknbYKlLHWZQA,Active,Forced,10Y1001A1001A45N,BZN,SE2 BZ,SE2,46WGU0000000046R,Stalon G1,Hydro Water Reservoir ,120.0,0,1,Failure,2018-10-02 12:43:04,488885.0,489060.0
5862660,2015,12,10,2015-12-10 13:29:00.000,2015-12-10 13:41:00.000,CET,EgTaFQAl1SQI1uRe8GmW0w,Active,Forced,10Y1001A1001A45N,BZN,SE2 BZ,SE2,46WGU0000000044V,Stornorrfors G3,Hydro Water Reservoir ,136.0,0,2,Failure,2018-10-02 12:47:32,494729.0,494741.0
5863748,2015,12,14,2015-12-14 14:00:00.000,2015-12-14 16:00:00.000,CET,OXouUxBkFQ5YXCFF8geGcg,Active,Planned,10Y1001A1001A45N,BZN,SE2 BZ,SE2,46WGU0000000044V,Stornorrfors G3,Hydro Water Reservoir ,136.0,0,1,Foreseen Maintenance,2018-10-02 12:47:42,500520.0,500640.0
5870497,2015,12,16,2015-12-16 16:35:00.000,2015-12-16 21:00:00.000,CET,0azfuh3-krdq3ftM3lUWkQ,Active,Planned,10Y1001A1001A45N,BZN,SE2 BZ,SE2,46WGU0000000042Z,Stornorrfors G1,Hydro Water Reservoir ,136.0,0,2,Foreseen Maintenance,2018-10-02 12:48:48,503555.0,503820.0
5871299,2015,12,17,2015-12-17 13:18:00.000,2015-12-17 13:29:00.000,CET,Pj_z-IAb6pE6Iy5k_N5s1w,Active,Forced,10Y1001A1001A45N,BZN,SE2 BZ,SE2,46WGU0000000045T,Stornorrfors G4,Hydro Water Reservoir ,171.0,0,2,Failure,2018-10-02 12:48:55,504798.0,504809.0
5891855,2015,12,29,2015-12-29 18:59:00.000,2015-12-29 20:41:00.000,CET,grBvxuEKoQXgH0s6ZgvpVw,Active,Forced,10Y1001A1001A45N,BZN,SE2 BZ,SE2,46WGU0000000042Z,Stornorrfors G1,Hydro Water Reservoir ,136.0,0,2,Failure,2018-10-02 12:51:50,522419.0,522521.0
4689437,2016,1,11,2016-01-11 07:00:00.000,2016-03-11 13:00:00.000,CET,TR7Yx2XbzGywXZBBUNLqyQ,Active,Planned,10Y1001A1001A45N,BZN,SE2 BZ,SE2,46WGU0000000042Z,Stornorrfors G1,Hydro Water Reservoir ,136.0,0,4,Foreseen Maintenance,2018-10-02 12:59:15,540420.0,627180.0
4664279,2016,1,18,2016-01-18 10:00:00.000,2016-01-19 15:00:00.000,CET,E7zA7l5aE1NWS4Hz5jz41Q,Active,Planned,10Y1001A1001A45N,BZN,SE2 BZ,SE2,46WGU0000000043X,Stornorrfors G2,Hydro Water Reservoir ,136.0,0,2,Foreseen Maintenance,2018-10-02 12:54:37,550680.0,552420.0
4664282,2016,1,19,2016-01-19 15:00:00.000,2016-01-20 15:30:00.000,CET,vSv4k6QAipymGAhx1KirIA,Active,Planned,10Y1001A1001A45N,BZN,SE2 BZ,SE2,46WGU0000000044V,Stornorrfors G3,Hydro Water Reservoir ,136.0,0,2,Foreseen Maintenance,2018-10-02 12:54:37,552420.0,553890.0
4665739,2016,1,20,2016-01-20 05:20:00.000,2016-01-20 06:38:00.000,CET,l_OOM4KbIZQz_j2QNIDerA,Active,Forced,10Y1001A1001A45N,BZN,SE2 BZ,SE2,46WGU0000000045T,Stornorrfors G4,Hydro Water Reservoir ,171.0,0,2,Failure,2018-10-02 12:54:43,553280.0,553358.0
5009519,2016,2,29,2016-02-29 11:30:00.000,2016-02-29 18:00:00.000,CET,jpasiuyk4IkDC8-9nR2Fyg,Active,Planned,10Y1001A1001A45N,BZN,SE2 BZ,SE2,46WGU0000000043X,Stornorrfors G2,Hydro Water Reservoir ,136.0,0,2,Foreseen Maintenance,2018-10-02 12:59:46,611250.0,611640.0
3223493,2016,3,2,2016-03-02 15:00:00.000,2016-03-02 21:08:00.000,CET,06PTaOqLBgnDtVIaRo_k5g,Active,Planned,10Y1001A1001A45N,BZN,SE2 BZ,SE2,46WGU0000000043X,Stornorrfors G2,Hydro Water Reservoir ,136.0,0,3,Foreseen Maintenance,2018-10-02 13:00:06,614340.0,614708.0
3226244,2016,3,3,2016-03-03 16:00:00.000,2016-03-03 20:00:00.000,CET,TNFS35MTuOyIGc2UfJbz1A,Active,Planned,10Y1001A1001A45N,BZN,SE2 BZ,SE2,46WGU0000000043X,Stornorrfors G2,Hydro Water Reservoir ,136.0,0,5,Foreseen Maintenance,2018-10-02 13:00:22,615840.0,616080.0
3225749,2016,3,11,2016-03-11 09:00:00.000,2016-03-11 13:00:00.000,CET,4oSW8nnP0OElIEpbDHRvYg,Active,Planned,10Y1001A1001A45N,BZN,SE2 BZ,SE2,46WGU0000000043X,Stornorrfors G2,Hydro Water Reservoir ,136.0,0,1,Foreseen Maintenance,2018-10-02 13:00:18,626940.0,627180.0
3217201,2016,3,15,2016-03-15 08:00:00.000,2016-03-15 14:00:00.000,CET,5-ER_q1l2roaWUK_FPiZTg,Active,Planned,10Y1001A1001A45N,BZN,SE2 BZ,SE2,46WGU0000000044V,Stornorrfors G3,Hydro Water Reservoir ,136.0,0,1,Foreseen Maintenance,2018-10-02 12:59:02,632640.0,633000.0
3217209,2016,3,16,2016-03-16 07:30:00.000,2016-03-16 10:30:00.000,CET,iFQNkNHxyeOSlm54GZNQPw,Active,Planned,10Y1001A1001A45N,BZN,SE2 BZ,SE2,46WGU0000000045T,Stornorrfors G4,Hydro Water Reservoir ,171.0,0,1,Foreseen Maintenance,2018-10-02 12:59:02,634050.0,634230.0
4028173,2016,4,4,2016-04-04 08:00:00.000,2016-06-10 12:00:00.000,CET,cKlcwjtNarUeFRC5nhEW7Q,Active,Planned,10Y1001A1001A45N,BZN,SE2 BZ,SE2,46WGU0000000043X,Stornorrfors G2,Hydro Water Reservoir ,136.0,0,11,Foreseen Maintenance,2018-10-02 13:18:54,661440.0,758160.0
4013051,2016,4,11,2016-04-11 07:00:00.000,2016-04-22 13:07:00.000,CET,SKVRxTwx7PtWHRexZnuxYA,Active,Planned,10Y1001A1001A45N,BZN,SE2 BZ,SE2,46WGU0000000046R,Stalon G1,Hydro Water Reservoir ,120.0,0,3,Foreseen Maintenance,2018-10-02 13:10:34,671460.0,687667.0
4028171,2016,4,19,2016-04-19 14:05:00.000,2016-06-10 12:00:00.000,CET,JwP0-UlnwQIIeD-vevJhtw,Active,Forced,10Y1001A1001A45N,BZN,SE2 BZ,SE2,46WGU0000000042Z,Stornorrfors G1,Hydro Water Reservoir ,136.0,0,13,Failure,2018-10-02 13:18:54,683405.0,758160.0
394159,2016,5,31,2016-05-31 08:09:00.000,2016-05-31 08:50:00.000,CET,S9a4uLB1YfJWOzekNy3gPg,Active,Forced,10Y1001A1001A45N,BZN,SE2 BZ,SE2,46WGU0000000044V,Stornorrfors G3,Hydro Water Reservoir ,136.0,0,2,Failure,2018-10-02 13:17:28,743529.0,743570.0
4170651,2016,6,16,2016-06-16 07:30:00.000,2016-06-16 16:00:00.000,CET,AQE40Dpomi70J6AsCxQ7QA,Active,Planned,10Y1001A1001A45N,BZN,SE2 BZ,SE2,46WGU0000000045T,Stornorrfors G4,Hydro Water Reservoir ,171.0,0,1,Foreseen Maintenance,2018-10-02 13:20:30,766530.0,767040.0
4185433,2016,6,28,2016-06-28 13:00:00.000,2016-06-28 13:23:00.000,CET,L_RkcTZROHisPVQuXx2f8A,Active,Forced,10Y1001A1001A45N,BZN,SE2 BZ,SE2,46WGU0000000045T,Stornorrfors G4,Hydro Water Reservoir ,171.0,0,2,Failure,2018-10-02 13:22:20,784140.0,784163.0
593903,2016,7,2,2016-07-02 22:10:00.000,2016-07-03 10:45:00.000,CET,IYVsOtPewyXLo_7DzezG3Q,Active,Forced,10Y1001A1001A45N,BZN,SE2 BZ,SE2,46WGU0000000046R,Stalon G1,Hydro Water Reservoir ,120.0,0,3,Failure,2018-10-02 13:23:38,790450.0,791205.0
593789,2016,7,2,2016-07-02 23:44:00.000,2016-07-03 00:58:00.000,CET,6xzcVSFQ0MJ831Pwf0RF-w,Active,Forced,10Y1001A1001A45N,BZN,SE2 BZ,SE2,46WGU0000000044V,Stornorrfors G3,Hydro Water Reservoir ,136.0,0,2,Failure,2018-10-02 13:23:38,790544.0,790618.0
3028587,2016,8,10,2016-08-10 08:00:00.000,2016-08-10 15:00:00.000,CET,gNA9duClB1IAM4KpOjMGOQ,Active,Planned,10Y1001A1001A45N,BZN,SE2 BZ,SE2,46WGU0000000046R,Stalon G1,Hydro Water Reservoir ,120.0,0,1,Foreseen Maintenance,2018-10-02 13:28:39,845760.0,846180.0
3045545,2016,8,17,2016-08-17 07:00:00.000,2016-08-17 16:00:00.000,CET,u-aUfJdWA34Be1H1sUBmLw,Active,Planned,10Y1001A1001A45N,BZN,SE2 BZ,SE2,46WGU0000000042Z,Stornorrfors G1,Hydro Water Reservoir ,136.0,0,1,Foreseen Maintenance,2018-10-02 13:30:32,855780.0,856320.0
3045546,2016,8,17,2016-08-17 07:00:00.000,2016-08-17 16:00:00.000,CET,NO-8FknSXFdehChsGsa9-w,Active,Planned,10Y1001A1001A45N,BZN,SE2 BZ,SE2,46WGU0000000043X,Stornorrfors G2,Hydro Water Reservoir ,136.0,0,1,Foreseen Maintenance,2018-10-02 13:30:32,855780.0,856320.0
3069561,2016,8,29,2016-08-29 09:40:00.000,2016-08-29 10:58:00.000,CET,71qWUOr4DSBepa-eAZVkXA,Active,Forced,10Y1001A1001A45N,BZN,SE2 BZ,SE2,46WGU0000000042Z,Stornorrfors G1,Hydro Water Reservoir ,136.0,0,2,Failure,2018-10-02 13:33:12,873220.0,873298.0
3864391,2016,9,2,2016-09-02 15:40:00.000,2016-09-02 16:03:00.000,CET,FBo0vkIsG2NX9z8UXWIOoQ,Active,Forced,10Y1001A1001A45N,BZN,SE2 BZ,SE2,46WGU0000000042Z,Stornorrfors G1,Hydro Water Reservoir ,136.0,0,2,Failure,2018-10-02 13:34:06,879340.0,879363.0
2209007,2016,10,10,2016-10-10 07:00:00.000,2016-11-11 16:43:00.000,CET,nvSTVRn-Ye9-g0Dl4bqouA,Active,Planned,10Y1001A1001A45N,BZN,SE2 BZ,SE2,46WGU0000000045T,Stornorrfors G4,Hydro Water Reservoir ,171.0,0,5,Foreseen Maintenance,2018-10-02 13:57:28,933540.0,980203.0
2120304,2016,10,10,2016-10-10 12:00:00.000,2016-10-10 16:30:00.000,CET,hpsxkh7xTMi5o_yCX1YNJQ,Active,Planned,10Y1001A1001A45N,BZN,SE2 BZ,SE2,46WGU0000000044V,Stornorrfors G3,Hydro Water Reservoir ,136.0,0,2,Foreseen Maintenance,2018-10-02 13:44:14,933840.0,934110.0
2125178,2016,10,12,2016-10-12 08:00:00.000,2016-10-12 12:09:00.000,CET,4T-5aoBcSgJ5j6btwpKF2A,Active,Planned,10Y1001A1001A45N,BZN,SE2 BZ,SE2,46WGU0000000044V,Stornorrfors G3,Hydro Water Reservoir ,136.0,0,2,Foreseen Maintenance,2018-10-02 13:44:45,936480.0,936729.0
2126868,2016,10,13,2016-10-13 00:30:00.000,2016-10-13 06:00:00.000,CET,iLN_AysiZ9DvHGai3lfi3Q,Active,Forced,10Y1001A1001A45N,BZN,SE2 BZ,SE2,46WGU0000000046R,Stalon G1,Hydro Water Reservoir ,120.0,0,1,Failure,2018-10-02 13:44:55,937470.0,937800.0
2330307,2016,11,11,2016-11-11 21:24:00.000,2016-11-11 23:15:00.000,CET,nFYzZeH1pNkibAUk6WUkGg,Active,Forced,10Y1001A1001A45N,BZN,SE2 BZ,SE2,46WGU0000000045T,Stornorrfors G4,Hydro Water Reservoir ,171.0,0,2,Failure,2018-10-02 13:57:37,980484.0,980595.0
2345315,2016,11,15,2016-11-15 00:00:00.000,2016-11-15 16:47:00.000,CET,jUC-6lK8O6YW8l1XDzOKHA,Active,Forced,10Y1001A1001A45N,BZN,SE2 BZ,SE2,46WGU0000000042Z,Stornorrfors G1,Hydro Water Reservoir ,136.0,0,3,Failure,2018-10-02 13:59:06,984960.0,985967.0
2341516,2016,11,17,2016-11-17 07:00:00.000,2016-11-17 14:00:00.000,CET,QrQIgzFcAEXWmtnnFjxF_w,Active,Planned,10Y1001A1001A45N,BZN,SE2 BZ,SE2,46WGU0000000046R,Stalon G1,Hydro Water Reservoir ,120.0,0,1,Foreseen Maintenance,2018-10-02 13:58:31,988260.0,988680.0
2347767,2016,11,18,2016-11-18 09:00:00.000,2016-11-18 11:00:00.000,CET,hrdrqO98VN3htecBjT4jGw,Active,Planned,10Y1001A1001A45N,BZN,SE2 BZ,SE2,46WGU0000000045T,Stornorrfors G4,Hydro Water Reservoir ,171.0,0,1,Foreseen Maintenance,2018-10-02 13:59:23,989820.0,989940.0
2393961,2016,11,21,2016-11-21 08:00:00.000,2016-12-09 13:58:00.000,CET,BCl-8W1WzPwHeCUkckPuCA,Active,Planned,10Y1001A1001A45N,BZN,SE2 BZ,SE2,46WGU0000000044V,Stornorrfors G3,Hydro Water Reservoir ,136.0,0,3,Foreseen Maintenance,2018-10-02 14:08:47,994080.0,1020358.0
2379931,2016,11,24,2016-11-24 07:23:00.000,2016-11-24 09:00:00.000,CET,oRO8BCLuQLyi8GiHN2LA7Q,Active,Forced,10Y1001A1001A45N,BZN,SE2 BZ,SE2,46WGU0000000045T,Stornorrfors G4,Hydro Water Reservoir ,171.0,0,1,Failure,2018-10-02 14:03:34,998363.0,998460.0
1743473,2016,12,12,2016-12-12 10:00:00.000,2016-12-15 12:00:00.000,CET,Cjdj1h7gQfFv2wvAuSsP6w,Active,Planned,10Y1001A1001A45N,BZN,SE2 BZ,SE2,46WGU0000000042Z,Stornorrfors G1,Hydro Water Reservoir ,136.0,0,1,Foreseen Maintenance,2018-10-02 14:05:18,1024440.0,1028880.0
2000158,2017,1,2,2017-01-02 07:00:00.000,2017-04-28 16:00:00.000,CET,Zs57O0oYa2SuDUjbZ15N9w,Withdrawn,Planned,10Y1001A1001A45N,BZN,SE2 BZ,SE2,46WGU0000000043X,Stornorrfors G2,Hydro Water Reservoir ,136.0,0,1,Foreseen Maintenance,2018-10-02 13:37:22,1054500.0,1222080.0
2043628,2017,1,26,2017-01-26 13:00:00.000,2017-01-26 15:00:00.000,CET,S8Nsjgjd7X9lr8cs1t4zyw,Active,Planned,10Y1001A1001A45N,BZN,SE2 BZ,SE2,46WGU0000000042Z,Stornorrfors G1,Hydro Water Reservoir ,136.0,0,1,Complementary Information,2018-10-02 14:19:36,1089420.0,1089540.0
4427927,2017,3,7,2017-03-07 18:10:00.000,2017-03-07 20:20:00.000,CET,_QP4j1y1rFF0-4vO7-eWyw,Active,Forced,10Y1001A1001A45N,BZN,SE2 BZ,SE2,46WGU0000000042Z,Stornorrfors G1,Hydro Water Reservoir ,136.0,0,2,Complementary Information,2018-10-02 14:30:15,1147330.0,1147460.0
4410694,2017,3,27,2017-03-27 07:00:00.000,2017-04-07 16:00:00.000,CET,vpB4dS4oHXm_1v4Sk35zbw,Withdrawn,Planned,10Y1001A1001A45N,BZN,SE2 BZ,SE2,46WGU0000000046R,Stalon G1,Hydro Water Reservoir ,120.0,0,1,Foreseen Maintenance,2018-10-02 13:39:37,1175460.0,1191840.0
4481656,2017,3,31,2017-03-31 08:00:00.000,2017-03-31 15:30:00.000,CET,AWKCWJw_IlunZdkMPwH7Fg,Active,Planned,10Y1001A1001A45N,BZN,SE2 BZ,SE2,46WGU0000000042Z,Stornorrfors G1,Hydro Water Reservoir ,136.0,0,1,Complementary Information,2018-10-02 14:37:58,1181280.0,1181730.0
1181470,2017,4,3,2017-04-03 05:55:00.000,2017-04-03 06:10:00.000,CET,88AYkqHdHRD9gCbyUMHZOA,Active,Forced,10Y1001A1001A45N,BZN,SE2 BZ,SE2,46WGU0000000042Z,Stornorrfors G1,Hydro Water Reservoir ,136.0,0,2,Complementary Information,2018-10-02 14:38:38,1185475.0,1185490.0
1182402,2017,4,3,2017-04-03 14:00:00.000,2017-04-03 15:30:00.000,CET,_BAPfIOaEyjXupyapVIPDQ,Active,Forced,10Y1001A1001A45N,BZN,SE2 BZ,SE2,46WGU0000000042Z,Stornorrfors G1,Hydro Water Reservoir ,136.0,0,2,Complementary Information,2018-10-02 14:39:04,1185960.0,1186050.0
1216387,2017,4,26,2017-04-26 07:00:00.000,2017-04-27 23:00:00.000,CET,cyxDf0mSkrz6hlodKRskDA,Active,Planned,10Y1001A1001A45N,BZN,SE2 BZ,SE2,46WGU0000000042Z,Stornorrfors G1,Hydro Water Reservoir ,136.0,0,3,Complementary Information,2018-10-02 14:44:58,1218660.0,1221060.0
1219946,2017,4,28,2017-04-28 23:00:00.000,2017-04-29 03:48:00.000,CET,bjf_dcgo2gnEwPgMAJU8Bg,Active,Planned,10Y1001A1001A45N,BZN,SE2 BZ,SE2,46WGU0000000045T,Stornorrfors G4,Hydro Water Reservoir ,171.0,0,2,Complementary Information,2018-10-02 14:45:49,1222500.0,1222788.0
1219948,2017,4,28,2017-04-28 23:00:00.000,2017-04-29 03:48:00.000,CET,7wlyZsDeLW_nWO79cMa6DQ,Active,Planned,10Y1001A1001A45N,BZN,SE2 BZ,SE2,46WGU0000000044V,Stornorrfors G3,Hydro Water Reservoir ,136.0,0,2,Complementary Information,2018-10-02 14:45:49,1222500.0,1222788.0
1348095,2017,5,2,2017-05-02 08:00:00.000,2017-05-03 19:00:00.000,CET,8KRWrLRHPArKwzXKo7uIVw,Active,Planned,10Y1001A1001A45N,BZN,SE2 BZ,SE2,46WGU0000000042Z,Stornorrfors G1,Hydro Water Reservoir ,136.0,0,1,Complementary Information,2018-10-02 14:45:15,1227360.0,1229460.0
1373007,2017,5,15,2017-05-15 08:00:00.000,2017-05-16 10:41:00.000,CET,2jDNRL5tzWZWBGqCdUtLpQ,Active,Planned,10Y1001A1001A45N,BZN,SE2 BZ,SE2,46WGU0000000043X,Stornorrfors G2,Hydro Water Reservoir ,136.0,0,2,Complementary Information,2018-10-02 14:49:35,1246080.0,1247681.0
1375096,2017,5,17,2017-05-17 09:00:00.000,2017-05-17 11:00:00.000,CET,M9aZ68oRPU1M4okd61hT9A,Active,Planned,10Y1001A1001A45N,BZN,SE2 BZ,SE2,46WGU0000000043X,Stornorrfors G2,Hydro Water Reservoir ,136.0,0,1,Complementary Information,2018-10-02 14:49:49,1249020.0,1249140.0
5428547,2017,6,14,2017-06-14 07:00:00.000,2017-06-14 12:23:00.000,CET,ns_mH8Z8gErGfuyP1zq_jg,Active,Planned,10Y1001A1001A45N,BZN,SE2 BZ,SE2,46WGU0000000043X,Stornorrfors G2,Hydro Water Reservoir ,136.0,0,2,Complementary Information,2018-10-02 14:58:47,1289220.0,1289543.0
5456953,2017,6,29,2017-06-29 13:40:00.000,2017-06-29 15:00:00.000,CET,HElJwVNX5rvxIUI7hK0ZdQ,Active,Forced,10Y1001A1001A45N,BZN,SE2 BZ,SE2,46WGU0000000044V,Stornorrfors G3,Hydro Water Reservoir ,136.0,0,1,Complementary Information,2018-10-02 15:04:41,1311220.0,1311300.0
70095,2017,7,9,2017-07-09 09:30:00.000,2017-07-09 15:02:00.000,CET,jMhSrwyxdJRM-cuEZ_P__A,Active,Forced,10Y1001A1001A45N,BZN,SE2 BZ,SE2,46WGU0000000046R,Stalon G1,Hydro Water Reservoir ,120.0,0,3,Complementary Information,2018-10-02 15:10:10,1325370.0,1325702.0
73191,2017,7,11,2017-07-11 19:04:00.000,2017-07-11 22:50:00.000,CET,nhbi5R7aYuWLsgGRKcyrKw,Active,Forced,10Y1001A1001A45N,BZN,SE2 BZ,SE2,46WGU0000000043X,Stornorrfors G2,Hydro Water Reservoir ,136.0,0,2,Complementary Information,2018-10-02 15:10:46,1328824.0,1329050.0
83962,2017,7,16,2017-07-16 09:19:00.000,2017-07-16 18:00:00.000,CET,Lmzhxx33IuUOhwXtuydmTg,Active,Forced,10Y1001A1001A45N,BZN,SE2 BZ,SE2,46WGU0000000043X,Stornorrfors G2,Hydro Water Reservoir ,136.0,0,2,Complementary Information,2018-10-02 15:12:35,1335439.0,1335960.0
86344,2017,7,16,2017-07-16 21:30:00.000,2017-07-18 16:00:00.000,CET,1-t7maSNDfJW_1JfwDU3gA,Active,Forced,10Y1001A1001A45N,BZN,SE2 BZ,SE2,46WGU0000000043X,Stornorrfors G2,Hydro Water Reservoir ,136.0,0,3,Complementary Information,2018-10-02 15:13:40,1336170.0,1338720.0
722555,2017,8,21,2017-08-21 22:56:00.000,2017-08-22 03:53:00.000,CET,mFgc58su4l3uDxAgzry3wA,Active,Forced,10Y1001A1001A45N,BZN,SE2 BZ,SE2,46WGU0000000046R,Stalon G1,Hydro Water Reservoir ,120.0,0,2,Complementary Information,2018-10-02 15:24:26,1388096.0,1388393.0
3352065,2017,10,16,2017-10-16 08:00:00.000,2017-10-19 16:00:00.000,CET,6bEf59h-oQmlsWR7h9RFWA,Active,Planned,10Y1001A1001A45N,BZN,SE2 BZ,SE2,46WGU0000000044V,Stornorrfors G3,Hydro Water Reservoir ,136.0,0,3,Complementary Information,2018-10-02 15:43:34,1467840.0,1472640.0
3353736,2017,10,20,2017-10-20 08:45:00.000,2017-10-20 11:15:00.000,CET,a0KxBTx2B67LXn3lCrw86w,Active,Forced,10Y1001A1001A45N,BZN,SE2 BZ,SE2,46WGU0000000044V,Stornorrfors G3,Hydro Water Reservoir ,136.0,0,2,Complementary Information,2018-10-02 15:43:50,1473645.0,1473795.0
3375726,2017,10,23,2017-10-23 08:00:00.000,2017-11-22 18:45:00.000,CET,R9VnKgZ-UpQTLFfzuTys5Q,Active,Planned,10Y1001A1001A45N,BZN,SE2 BZ,SE2,46WGU0000000042Z,Stornorrfors G1,Hydro Water Reservoir ,136.0,0,3,Complementary Information,2018-10-02 15:54:03,1477920.0,1521765.0
3358656,2017,10,24,2017-10-24 00:12:00.000,2017-10-24 01:17:00.000,CET,H-WkbcrjoqGKSqdnp17rvg,Active,Forced,10Y1001A1001A45N,BZN,SE2 BZ,SE2,46WGU0000000045T,Stornorrfors G4,Hydro Water Reservoir ,171.0,0,2,Complementary Information,2018-10-02 15:44:38,1478892.0,1478957.0
3305678,2017,10,30,2017-10-30 07:00:00.000,2017-11-03 16:00:00.000,CET,y96FE7UBKK7eLO-TUGhHsA,Withdrawn,Planned,10Y1001A1001A45N,BZN,SE2 BZ,SE2,46WGU0000000045T,Stornorrfors G4,Hydro Water Reservoir ,171.0,0,1,Complementary Information,2018-10-02 15:27:18,1487940.0,1494240.0
3646132,2017,11,7,2017-11-07 19:38:00.000,2017-11-08 00:08:00.000,CET,-8YqVaioHy0dMlz-S1cc-g,Active,Forced,10Y1001A1001A45N,BZN,SE2 BZ,SE2,46WGU0000000046R,Stalon G1,Hydro Water Reservoir ,120.0,0,2,Complementary Information,2018-10-02 15:48:57,1500218.0,1500488.0
3664944,2017,11,17,2017-11-17 13:29:00.000,2017-11-17 15:30:00.000,CET,RQ38URki3sLZgiRJQw49Eg,Active,Forced,10Y1001A1001A45N,BZN,SE2 BZ,SE2,46WGU0000000043X,Stornorrfors G2,Hydro Water Reservoir ,136.0,0,1,Complementary Information,2018-10-02 15:52:11,1514249.0,1514370.0
3647646,2017,11,20,2017-11-20 08:00:00.000,2017-11-24 15:30:00.000,CET,1YyX-VzgvYt3IY2jn4qO7g,Withdrawn,Planned,10Y1001A1001A45N,BZN,SE2 BZ,SE2,46WGU0000000043X,Stornorrfors G2,Hydro Water Reservoir ,136.0,0,1,Complementary Information,2018-10-02 15:49:10,1518240.0,1524450.0
3672834,2017,11,27,2017-11-27 08:00:00.000,2017-12-01 15:00:00.000,CET,wXCzeKxVqgNFLPApelhyYA,Active,Planned,10Y1001A1001A45N,BZN,SE2 BZ,SE2,46WGU0000000045T,Stornorrfors G4,Hydro Water Reservoir ,171.0,0,1,Complementary Information,2018-10-02 15:53:13,1528320.0,1534500.0
3692420,2017,11,30,2017-11-30 11:00:00.000,2017-11-30 14:15:00.000,CET,WFCVj0a10SbhzqYcm06bYQ,Active,Planned,10Y1001A1001A45N,BZN,SE2 BZ,SE2,46WGU0000000044V,Stornorrfors G3,Hydro Water Reservoir ,136.0,0,3,Complementary Information,2018-10-02 15:56:38,1532820.0,1533015.0
1837870,2017,12,8,2017-12-08 16:46:00.000,2017-12-08 19:00:00.000,CET,2Qd0gtksGLbcrHZNTIcgwg,Active,Forced,10Y1001A1001A45N,BZN,SE2 BZ,SE2,46WGU0000000045T,Stornorrfors G4,Hydro Water Reservoir ,171.0,0,1,Complementary Information,2018-10-02 15:58:55,1544686.0,1544820.0
1885574,2017,12,11,2017-12-11 08:00:00.000,2018-04-30 12:30:00.000,CET,rtcMNL_eyu1LylUlx5o9GQ,Active,Planned,10Y1001A1001A45N,BZN,SE2 BZ,SE2,46WGU0000000042Z,Stornorrfors G1,Hydro Water Reservoir ,136.0,0,4,Complementary Information,2018-10-02 16:42:13,1548480.0,1750350.0
1880649,2017,12,11,2017-12-11 08:00:00.000,2017-12-27 17:29:00.000,CET,BOP414XpvTqzsP3Lku3CPw,Active,Planned,10Y1001A1001A45N,BZN,SE2 BZ,SE2,46WGU0000000043X,Stornorrfors G2,Hydro Water Reservoir ,136.0,0,4,Complementary Information,2018-10-02 16:05:58,1548480.0,1572089.0
1865760,2017,12,18,2017-12-18 05:30:00.000,2017-12-19 12:30:00.000,CET,5ghAgL-t5FndHJR1ci4Vkg,Active,Forced,10Y1001A1001A45N,BZN,SE2 BZ,SE2,46WGU0000000046R,Stalon G1,Hydro Water Reservoir ,120.0,0,8,Complementary Information,2018-10-02 16:03:22,1558410.0,1560270.0
5124678,2018,2,20,2018-02-20 13:10:00.000,2018-02-20 14:15:00.000,CET,k1g0okcudvQjk-65B5d5-Q,Active,Forced,10Y1001A1001A45N,BZN,SE2 BZ,SE2,46WGU0000000043X,Stornorrfors G2,Hydro Water Reservoir ,136.0,0,1,Complementary Information,2018-10-02 16:18:58,1651030.0,1651095.0
5119885,2018,2,21,2018-02-21 12:00:00.000,2018-02-21 14:00:00.000,CET,e5HweC0pKvyWdmTVumQJ5A,Withdrawn,Planned,10Y1001A1001A45N,BZN,SE2 BZ,SE2,46WGU0000000045T,Stornorrfors G4,Hydro Water Reservoir ,171.0,0,2,Complementary Information,2018-10-02 16:18:08,1652400.0,1652520.0
5132833,2018,2,26,2018-02-26 08:00:00.000,2018-02-28 17:32:00.000,CET,ncC6mhrNQf0gxDvjHVe9fw,Active,Planned,10Y1001A1001A45N,BZN,SE2 BZ,SE2,46WGU0000000043X,Stornorrfors G2,Hydro Water Reservoir ,136.0,0,3,Complementary Information,2018-10-02 16:20:56,1659360.0,1662812.0
2992197,2018,3,5,2018-03-05 07:00:00.000,2018-04-19 18:00:00.000,CET,oHeCWhYJSDA4yMXVL3U2wQ,Active,Planned,10Y1001A1001A45N,BZN,SE2 BZ,SE2,46WGU0000000046R,Stalon G1,Hydro Water Reservoir ,120.0,0,6,Complementary Information,2018-10-02 16:42:13,1669380.0,1734840.0
2943318,2018,3,5,2018-03-05 11:21:00.000,2018-03-05 13:00:00.000,CET,HObATP6VZXf4RhR4vDD-wA,Active,Forced,10Y1001A1001A45N,BZN,SE2 BZ,SE2,46WGU0000000043X,Stornorrfors G2,Hydro Water Reservoir ,136.0,0,1,Complementary Information,2018-10-02 16:22:31,1669641.0,1669740.0
2932755,2018,3,7,2018-03-07 12:00:00.000,2018-03-07 14:00:00.000,CET,YTMtIMsspwFWU0V1pVrmLg,Active,Planned,10Y1001A1001A45N,BZN,SE2 BZ,SE2,46WGU0000000045T,Stornorrfors G4,Hydro Water Reservoir ,171.0,0,1,Complementary Information,2018-10-02 16:20:08,1672560.0,1672680.0
5043108,2018,4,3,2018-04-03 04:50:00.000,2018-04-03 06:30:00.000,CET,xLPAo-_p7ggfOA_QUCUEVQ,Active,Forced,10Y1001A1001A45N,BZN,SE2 BZ,SE2,46WGU0000000045T,Stornorrfors G4,Hydro Water Reservoir ,171.0,0,1,Complementary Information,2018-10-02 16:30:37,1711010.0,1711110.0
5072600,2018,4,23,2018-04-23 08:30:00.000,2018-04-27 11:29:00.000,CET,aFrxA-knXdYgg-WFSs_KGA,Active,Planned,10Y1001A1001A45N,BZN,SE2 BZ,SE2,46WGU0000000043X,Stornorrfors G2,Hydro Water Reservoir ,136.0,0,3,Complementary Information,2018-10-02 16:42:13,1740030.0,1745969.0
5072643,2018,4,30,2018-04-30 07:36:00.000,2018-05-05 23:00:00.000,CET,lIMXsxYMfCznek6Tky7bJw,Active,Forced,10Y1001A1001A45N,BZN,SE2 BZ,SE2,46WGU0000000043X,Stornorrfors G2,Hydro Water Reservoir ,136.0,0,9,Complementary Information,2018-10-02 16:42:13,1750056.0,1758180.0
1288179,2018,5,2,2018-05-02 22:15:00.000,2018-05-02 23:00:00.000,CET,GsztE9wZn6XePJMuaQMhvg,Active,Forced,10Y1001A1001A45N,BZN,SE2 BZ,SE2,46WGU0000000042Z,Stornorrfors G1,Hydro Water Reservoir ,136.0,0,2,Complementary Information,2018-10-02 16:42:13,1753815.0,1753860.0
1288192,2018,5,3,2018-05-03 09:30:00.000,2018-05-03 12:25:00.000,CET,cMf9pBXm9ikNhAbNqqoZAA,Active,Planned,10Y1001A1001A45N,BZN,SE2 BZ,SE2,46WGU0000000042Z,Stornorrfors G1,Hydro Water Reservoir ,136.0,0,3,Complementary Information,2018-10-02 16:42:13,1754490.0,1754665.0
1288202,2018,5,4,2018-05-04 08:00:00.000,2018-05-04 16:30:00.000,CET,3EPrC4upNIohii9G3scKbQ,Active,Planned,10Y1001A1001A45N,BZN,SE2 BZ,SE2,46WGU0000000042Z,Stornorrfors G1,Hydro Water Reservoir ,136.0,0,2,Complementary Information,2018-10-02 16:42:13,1755840.0,1756350.0
1288209,2018,5,4,2018-05-04 16:30:00.000,2018-05-04 22:10:00.000,CET,dTd9cF0xvgMof5ie9lLpIw,Active,Planned,10Y1001A1001A45N,BZN,SE2 BZ,SE2,46WGU0000000042Z,Stornorrfors G1,Hydro Water Reservoir ,136.0,0,2,Complementary Information,2018-10-02 16:42:13,1756350.0,1756690.0
1288214,2018,5,5,2018-05-05 08:00:00.000,2018-05-05 20:00:00.000,CET,AAWy20GH7xK6QCYfH61Fig,Active,Planned,10Y1001A1001A45N,BZN,SE2 BZ,SE2,46WGU0000000042Z,Stornorrfors G1,Hydro Water Reservoir ,136.0,0,3,Complementary Information,2018-10-02 16:42:13,1757280.0,1758000.0
1288257,2018,5,11,2018-05-11 22:00:00.000,2018-05-12 04:41:00.000,CET,6kDipFeh_MhRH36_KvLtkw,Active,Planned,10Y1001A1001A45N,BZN,SE2 BZ,SE2,46WGU0000000043X,Stornorrfors G2,Hydro Water Reservoir ,136.0,0,2,Complementary Information,2018-10-02 16:42:13,1766760.0,1767161.0
1288256,2018,5,11,2018-05-11 22:00:00.000,2018-05-12 04:41:00.000,CET,DL3uyL_-5ZxLXTceDU-xHw,Active,Planned,10Y1001A1001A45N,BZN,SE2 BZ,SE2,46WGU0000000042Z,Stornorrfors G1,Hydro Water Reservoir ,136.0,0,2,Complementary Information,2018-10-02 16:42:13,1766760.0,1767161.0
3727197,2018,6,14,2018-06-14 13:00:00.000,2018-06-14 15:27:00.000,CET,ZXRmPY9Fj5mup5NmBXEd-w,Active,Forced,10Y1001A1001A45N,BZN,SE2 BZ,SE2,46WGU0000000044V,Stornorrfors G3,Hydro Water Reservoir ,136.0,0,2,Complementary Information,2018-10-02 16:47:39,1815180.0,1815327.0
3722591,2018,6,15,2018-06-15 01:00:00.000,2018-06-15 06:00:00.000,CET,WVbGcM9OBS3yH06RLfNTXQ,Active,Planned,10Y1001A1001A45N,BZN,SE2 BZ,SE2,46WGU0000000045T,Stornorrfors G4,Hydro Water Reservoir ,171.0,0,1,Complementary Information,2018-10-02 16:46:48,1815900.0,1816200.0
3722589,2018,6,15,2018-06-15 01:00:00.000,2018-06-15 06:00:00.000,CET,jRrQTjpMxLaOJv3OIVMKBg,Active,Planned,10Y1001A1001A45N,BZN,SE2 BZ,SE2,46WGU0000000044V,Stornorrfors G3,Hydro Water Reservoir ,136.0,0,1,Complementary Information,2018-10-02 16:46:48,1815900.0,1816200.0
3744603,2018,6,26,2018-06-26 09:06:00.000,2018-06-26 11:00:00.000,CET,53GsCH-papyuOuOYKe8WSg,Active,Forced,10Y1001A1001A45N,BZN,SE2 BZ,SE2,46WGU0000000042Z,Stornorrfors G1,Hydro Water Reservoir ,136.0,0,1,Complementary Information,2018-10-02 16:50:53,1832226.0,1832340.0
3747225,2018,6,28,2018-06-28 08:30:00.000,2018-06-28 16:30:00.000,CET,AT7V5nO9ofKsS-ke0hRK2Q,Active,Planned,10Y1001A1001A45N,BZN,SE2 BZ,SE2,46WGU0000000042Z,Stornorrfors G1,Hydro Water Reservoir ,136.0,0,2,Complementary Information,2018-10-02 16:51:39,1835070.0,1835550.0
3790979,2018,7,11,2018-07-11 16:24:00.000,2018-07-11 18:00:00.000,CET,W7LPoqV5TOZgjBM80rki2w,Active,Forced,10Y1001A1001A45N,BZN,SE2 BZ,SE2,46WGU0000000044V,Stornorrfors G3,Hydro Water Reservoir ,136.0,0,1,Complementary Information,2018-10-02 16:55:00,1854264.0,1854360.0
3781882,2018,7,17,2018-07-17 08:00:00.000,2018-07-17 14:00:00.000,CET,epdKFQMarDtHD2ERZlxLcg,Active,Planned,10Y1001A1001A45N,BZN,SE2 BZ,SE2,46WGU0000000045T,Stornorrfors G4,Hydro Water Reservoir ,171.0,0,1,Complementary Information,2018-10-02 16:53:24,1862400.0,1862760.0
1907282,2018,8,1,2018-08-01 05:40:00.000,2018-08-01 06:58:00.000,CET,HKyyABykuTCR5FCuHXHhqg,Active,Forced,10Y1001A1001A45N,BZN,SE2 BZ,SE2,46WGU0000000046R,Stalon G1,Hydro Water Reservoir ,120.0,0,2,Complementary Information,2018-10-02 17:02:12,1883860.0,1883938.0
1916769,2018,8,6,2018-08-06 06:55:00.000,2018-08-06 10:00:00.000,CET,ptRvct_hdQ6v673GsyGHAA,Active,Forced,10Y1001A1001A45N,BZN,SE2 BZ,SE2,46WGU0000000045T,Stornorrfors G4,Hydro Water Reservoir ,171.0,0,1,Complementary Information,2018-10-02 17:04:11,1891135.0,1891320.0
1958680,2018,8,13,2018-08-13 08:00:00.000,2018-08-23 09:30:00.000,CET,G9o3dZ3s-JqwoktK11fGSQ,Active,Planned,10Y1001A1001A45N,BZN,SE2 BZ,SE2,46WGU0000000046R,Stalon G1,Hydro Water Reservoir ,120.0,0,3,Complementary Information,2018-10-02 17:12:18,1901280.0,1915770.0
1956709,2018,8,21,2018-08-21 18:23:00.000,2018-08-21 19:30:00.000,CET,ro7CaVf4qpoV4dgkxvlKJg,Active,Forced,10Y1001A1001A45N,BZN,SE2 BZ,SE2,46WGU0000000045T,Stornorrfors G4,Hydro Water Reservoir ,171.0,0,1,Complementary Information,2018-10-02 17:11:57,1913423.0,1913490.0
1961904,2018,8,30,2018-08-30 00:00:00.000,2018-08-30 11:00:00.000,CET,dWEPiHO70Det3iN-f16LZQ,Active,Planned,10Y1001A1001A45N,BZN,SE2 BZ,SE2,46WGU0000000043X,Stornorrfors G2,Hydro Water Reservoir ,136.0,0,1,Complementary Information,2018-10-02 17:12:50,1925280.0,1925940.0
1093323,2018,9,7,2018-09-07 08:00:00.000,2018-09-07 14:00:00.000,CET,6M5B0J-s5KuIOMw4JiTvIQ,Active,Planned,10Y1001A1001A45N,BZN,SE2 BZ,SE2,46WGU0000000044V,Stornorrfors G3,Hydro Water Reservoir ,136.0,0,1,Complementary Information,2018-10-02 17:17:58,1937280.0,1937640.0
1107326,2018,9,12,2018-09-12 08:00:00.000,2018-09-12 10:48:00.000,CET,hlIE3pdLA3gw9wnz2sBeYg,Active,Planned,10Y1001A1001A45N,BZN,SE2 BZ,SE2,46WGU0000000043X,Stornorrfors G2,Hydro Water Reservoir ,136.0,0,2,Complementary Information,2018-10-02 17:20:40,1944480.0,1944648.0
1110398,2018,9,13,2018-09-13 08:00:00.000,2018-09-15 13:14:00.000,CET,WyyQ_OW9bKreBwnVjBpN_A,Active,Planned,10Y1001A1001A45N,BZN,SE2 BZ,SE2,46WGU0000000045T,Stornorrfors G4,Hydro Water Reservoir ,171.0,0,5,Complementary Information,2018-10-02 17:21:48,1945920.0,1949114.0
1110421,2018,9,15,2018-09-15 09:00:00.000,2018-09-15 13:17:00.000,CET,HP0TOXuVaDi4sbg6m_zICw,Active,Planned,10Y1001A1001A45N,BZN,SE2 BZ,SE2,46WGU0000000044V,Stornorrfors G3,Hydro Water Reservoir ,136.0,0,2,Complementary Information,2018-10-02 17:21:48,1948860.0,1949117.0
1115466,2018,9,19,2018-09-19 23:53:00.000,2018-09-20 12:00:00.000,CET,yZHCgKZtdXWXMl3i75xY1w,Active,Forced,10Y1001A1001A45N,BZN,SE2 BZ,SE2,46WGU0000000046R,Stalon G1,Hydro Water Reservoir ,120.0,0,1,Complementary Information,2018-10-02 17:23:27,1955513.0,1956240.0
2565710,2018,10,1,2018-10-01 08:00:00.000,2018-10-01 16:00:00.000,CET,IORAZ3KQvwQU3JDD_JtqEQ,Active,Planned,10Y1001A1001A45N,BZN,SE2 BZ,SE2,46WGU0000000043X,Stornorrfors G2,Hydro Water Reservoir ,136.0,0,5,Complementary Information,2018-10-02 17:27:18,1971840.0,1972320.0
2557509,2018,10,2,2018-10-02 08:00:00.000,2018-10-02 16:00:00.000,CET,hQwsSXMl8MncNDU0f8LiiQ,Active,Planned,10Y1001A1001A45N,BZN,SE2 BZ,SE2,46WGU0000000046R,Stalon G1,Hydro Water Reservoir ,120.0,0,1,Complementary Information,2018-10-02 17:11:00,1973280.0,1973760.0
2587667,2018,10,9,2018-10-09 07:00:00.000,2018-10-12 17:15:00.000,CET,OM9X7SlCEDl2xvbq8T3POg,Active,Planned,10Y1001A1001A45N,BZN,SE2 BZ,SE2,46WGU0000000043X,Stornorrfors G2,Hydro Water Reservoir ,136.0,0,5,Complementary Information,2018-10-12 17:16:22,1983300.0,1988235.0
2587639,2018,10,9,2018-10-09 07:00:00.000,2018-10-12 16:12:00.000,CET,cXJN0ZRM3Kly04MqPKgrqA,Active,Planned,10Y1001A1001A45N,BZN,SE2 BZ,SE2,46WGU0000000042Z,Stornorrfors G1,Hydro Water Reservoir ,136.0,0,5,Complementary Information,2018-10-12 16:16:18,1983300.0,1988172.0
2590879,2018,10,16,2018-10-16 08:20:00.000,2018-10-16 09:16:00.000,CET,3qYQOHl190WKt4fVp_iWjg,Active,Forced,10Y1001A1001A45N,BZN,SE2 BZ,SE2,46WGU0000000042Z,Stornorrfors G1,Hydro Water Reservoir ,136.0,0,2,Complementary Information,2018-10-16 09:31:12,1993460.0,1993516.0
2591017,2018,10,16,2018-10-16 11:09:00.000,2018-10-16 11:32:00.000,CET,DziMGayApkaR1vFtehzTsQ,Active,Forced,10Y1001A1001A45N,BZN,SE2 BZ,SE2,46WGU0000000042Z,Stornorrfors G1,Hydro Water Reservoir ,136.0,0,2,Complementary Information,2018-10-16 11:45:55,1993629.0,1993652.0
2597278,2018,10,22,2018-10-22 11:00:00.000,2018-10-25 20:00:00.000,CET,viSq6OwNZK5SQUx1o8xp8A,Withdrawn,Planned,10Y1001A1001A45N,BZN,SE2 BZ,SE2,46WGU0000000042Z,Stornorrfors G1,Hydro Water Reservoir ,136.0,0,2,Complementary Information,2018-10-22 09:45:59,2002260.0,2007120.0
2597280,2018,10,22,2018-10-22 11:00:00.000,2018-10-25 20:00:00.000,CET,yPNhijQlMyceuFr2kdoWIQ,Withdrawn,Planned,10Y1001A1001A45N,BZN,SE2 BZ,SE2,46WGU0000000043X,Stornorrfors G2,Hydro Water Reservoir ,136.0,0,2,Complementary Information,2018-10-22 09:45:58,2002260.0,2007120.0
2622148,2018,10,29,2018-10-29 08:00:00.000,2018-10-31 15:46:00.000,CET,hioElqmjfjmLCpR0PI_aRA,Active,Planned,10Y1001A1001A45N,BZN,SE2 BZ,SE2,46WGU0000000042Z,Stornorrfors G1,Hydro Water Reservoir ,136.0,0,4,Complementary Information,2018-11-05 12:16:22,2012160.0,2015506.0
1469081,2018,11,5,2018-11-05 08:00:00.000,2019-05-07 18:20:00.000,CET,P7uWcUSyhHhj64vFU3PUTg,Active,Planned,10Y1001A1001A45N,BZN,SE2 BZ,SE2,46WGU0000000045T,Stornorrfors G4,Hydro Water Reservoir ,171.0,0,7,Complementary Information,2019-05-07 18:31:20,2022240.0,2286380.0
1426546,2018,11,6,2018-11-06 07:00:00.000,2018-11-07 16:00:00.000,CET,2Qrv2M-P9LeM7O9ZNxahsg,Withdrawn,Planned,10Y1001A1001A45N,BZN,SE2 BZ,SE2,46WGU0000000044V,Stornorrfors G3,Hydro Water Reservoir ,136.0,0,3,Complementary Information,2018-10-25 14:31:14,2023620.0,2025600.0
1442264,2018,11,15,2018-11-15 08:00:00.000,2018-11-15 16:00:00.000,CET,RLNNTqgmnxd7juAmZ6zFtg,Active,Planned,10Y1001A1001A45N,BZN,SE2 BZ,SE2,46WGU0000000042Z,Stornorrfors G1,Hydro Water Reservoir ,136.0,0,1,Complementary Information,2018-11-09 09:15:50,2036640.0,2037120.0
1454918,2018,11,22,2018-11-22 06:40:00.000,2018-11-22 06:46:00.000,CET,TRwRFJMdIVDfVMPb5yB6jQ,Active,Forced,10Y1001A1001A45N,BZN,SE2 BZ,SE2,46WGU0000000043X,Stornorrfors G2,Hydro Water Reservoir ,136.0,0,2,Complementary Information,2018-11-22 07:15:47,2046640.0,2046646.0
1459716,2018,11,26,2018-11-26 15:00:00.000,2018-11-26 16:00:00.000,CET,VW3Fxc7pLPG9hAKD8UggWg,Active,Planned,10Y1001A1001A45N,BZN,SE2 BZ,SE2,46WGU0000000043X,Stornorrfors G2,Hydro Water Reservoir ,136.0,0,1,Complementary Information,2018-11-26 15:15:51,2052900.0,2052960.0
1702721,2019,1,31,2019-01-31 06:01:00.000,2019-01-31 07:15:00.000,CET,5GSPpfJbhUz42bS7ML8Ogw,Active,Forced,10Y1001A1001A45N,BZN,SE2 BZ,SE2,46WGU0000000043X,Stornorrfors G2,Hydro Water Reservoir ,136.0,0,2,Complementary Information,2019-01-31 07:30:44,2147401.0,2147475.0
5564290,2019,2,18,2019-02-18 21:00:00.000,2019-02-19 07:00:00.000,CET,XKoQeJY5a1GYa3aQk-9A4g,Active,Planned,10Y1001A1001A45N,BZN,SE2 BZ,SE2,46WGU0000000044V,Stornorrfors G3,Hydro Water Reservoir ,136.0,0,2,Complementary Information,2019-02-01 10:30:42,2174220.0,2174820.0
1487976,2019,3,3,2019-03-03 15:36:00.000,2019-03-03 16:12:00.000,CET,y_fJZdQfRhCiJvHuoq2x-A,Active,Forced,10Y1001A1001A45N,BZN,SE2 BZ,SE2,46WGU0000000043X,Stornorrfors G2,Hydro Water Reservoir ,136.0,0,2,Complementary Information,2019-03-03 16:15:46,2192616.0,2192652.0
1489371,2019,3,4,2019-03-04 21:00:00.000,2019-03-05 12:00:00.000,CET,TPOhlvN-3kViFXlUxcLj-A,Active,Planned,10Y1001A1001A45N,BZN,SE2 BZ,SE2,46WGU0000000044V,Stornorrfors G3,Hydro Water Reservoir ,136.0,0,6,Complementary Information,2019-03-05 09:45:45,2194380.0,2195280.0
1474970,2019,3,18,2019-03-18 07:00:00.000,2019-03-22 16:00:00.000,CET,Os2fHm0hYEoMO_ptXz26ig,Withdrawn,Planned,10Y1001A1001A45N,BZN,SE2 BZ,SE2,46WGU0000000042Z,Stornorrfors G1,Hydro Water Reservoir ,136.0,0,1,Complementary Information,2019-02-11 15:31:01,2213700.0,2220000.0
1513828,2019,3,27,2019-03-27 22:00:00.000,2019-03-28 06:00:00.000,CET,rhRRJGlPcFqYf-v36x0oPg,Active,Planned,10Y1001A1001A45N,BZN,SE2 BZ,SE2,46WGU0000000044V,Stornorrfors G3,Hydro Water Reservoir ,136.0,0,1,Complementary Information,2019-03-27 10:45:46,2227560.0,2228040.0
1516370,2019,3,28,2019-03-28 22:00:00.000,2019-03-29 03:54:00.000,CET,RuvO5ViTSil6_tQah0Ig4g,Active,Planned,10Y1001A1001A45N,BZN,SE2 BZ,SE2,46WGU0000000044V,Stornorrfors G3,Hydro Water Reservoir ,136.0,0,2,Complementary Information,2019-03-29 04:15:54,2229000.0,2229354.0
3102812,2019,4,1,2019-04-01 07:00:00.000,2019-04-18 16:00:00.000,CET,NydCsQVh8VhjQl3sYQKUfA,Withdrawn,Planned,10Y1001A1001A45N,BZN,SE2 BZ,SE2,46WGU0000000043X,Stornorrfors G2,Hydro Water Reservoir ,136.0,0,1,Complementary Information,2019-02-01 10:15:54,2233860.0,2258880.0
3111985,2019,4,8,2019-04-08 07:00:00.000,2019-04-09 16:00:00.000,CET,miYLW3GhNFHlLOF2JIdA2A,Withdrawn,Planned,10Y1001A1001A45N,BZN,SE2 BZ,SE2,46WGU0000000044V,Stornorrfors G3,Hydro Water Reservoir ,136.0,0,2,Complementary Information,2019-04-08 16:31:11,2243940.0,2245920.0
3151243,2019,4,24,2019-04-24 07:00:00.000,2019-04-25 17:00:00.000,CET,Em28ZAoCbPM5rjoWJT3fEQ,Active,Planned,10Y1001A1001A45N,BZN,SE2 BZ,SE2,46WGU0000000044V,Stornorrfors G3,Hydro Water Reservoir ,136.0,0,3,Complementary Information,2019-04-25 17:16:11,2266980.0,2269020.0
2444696,2019,5,16,2019-05-16 15:00:00.000,2019-05-21 15:00:00.000,CET,B2BxECXDeZTX_dG8-WzxSg,Active,Planned,10Y1001A1001A45N,BZN,SE2 BZ,SE2,46WGU0000000043X,Stornorrfors G2,Hydro Water Reservoir ,136.0,0,3,Complementary Information,2019-05-21 15:16:17,2299140.0,2306340.0
2443692,2019,5,18,2019-05-18 17:19:00.000,2019-05-19 19:30:00.000,CET,ZK-22syQTU-MWD_TpDv-5A,Active,Forced,10Y1001A1001A45N,BZN,SE2 BZ,SE2,46WGU0000000046R,Stalon G1,Hydro Water Reservoir ,120.0,0,5,Complementary Information,2019-05-19 19:31:10,2302159.0,2303730.0
2445458,2019,5,21,2019-05-21 15:25:00.000,2019-05-22 00:00:00.000,CET,grOT18k0P8CXraiF6fw1vw,Active,Forced,10Y1001A1001A45N,BZN,SE2 BZ,SE2,46WGU0000000046R,Stalon G1,Hydro Water Reservoir ,120.0,0,5,Complementary Information,2019-05-22 00:01:15,2306365.0,2306880.0
2446155,2019,5,23,2019-05-23 12:00:00.000,2019-05-23 17:00:00.000,CET,ArH0HODtxj_8S-UXrYNF5g,Active,Planned,10Y1001A1001A45N,BZN,SE2 BZ,SE2,46WGU0000000046R,Stalon G1,Hydro Water Reservoir ,120.0,0,1,Complementary Information,2019-05-22 11:45:58,2309040.0,2309340.0
2451290,2019,5,27,2019-05-27 08:00:00.000,2019-05-27 10:21:00.000,CET,q33_merGanwuWG5aOYHipA,Active,Forced,10Y1001A1001A45N,BZN,SE2 BZ,SE2,46WGU0000000045T,Stornorrfors G4,Hydro Water Reservoir ,171.0,0,3,Complementary Information,2019-05-27 10:31:12,2314560.0,2314701.0
2451293,2019,5,27,2019-05-27 08:00:00.000,2019-05-27 10:21:00.000,CET,XAELX6jbrcCtgXFvXqGT9A,Active,Forced,10Y1001A1001A45N,BZN,SE2 BZ,SE2,46WGU0000000044V,Stornorrfors G3,Hydro Water Reservoir ,136.0,0,3,Complementary Information,2019-05-27 10:31:12,2314560.0,2314701.0
2652866,2019,6,7,2019-06-07 08:42:00.000,2019-06-07 09:41:00.000,CET,dtXe6RrX3On2bOr6DeUJMQ,Active,Forced,10Y1001A1001A45N,BZN,SE2 BZ,SE2,46WGU0000000044V,Stornorrfors G3,Hydro Water Reservoir ,136.0,0,2,Complementary Information,2019-06-07 09:46:27,2330442.0,2330501.0
144387,2019,7,8,2019-07-08 07:44:00.000,2019-07-08 08:16:00.000,CET,JRnVsYXbWxjf5H-amrZo7A,Active,Forced,10Y1001A1001A45N,BZN,SE2 BZ,SE2,46WGU0000000042Z,Stornorrfors G1,Hydro Water Reservoir ,136.0,0,2,Complementary Information,2019-07-08 08:31:22,2375024.0,2375056.0
155541,2019,7,16,2019-07-16 17:00:00.000,2019-07-17 00:00:00.000,CET,reJfFgAJ_ePq9HPdCpvNxA,Active,Forced,10Y1001A1001A45N,BZN,SE2 BZ,SE2,46WGU0000000046R,Stalon G1,Hydro Water Reservoir ,120.0,0,2,Complementary Information,2019-07-16 17:45:58,2387100.0,2387520.0
167366,2019,7,23,2019-07-23 09:40:00.000,2019-07-23 10:56:00.000,CET,bCHJGhw9YhHQ9jT77lpxtA,Active,Forced,10Y1001A1001A45N,BZN,SE2 BZ,SE2,46WGU0000000046R,Stalon G1,Hydro Water Reservoir ,120.0,0,2,Complementary Information,2019-07-23 11:17:04,2396740.0,2396816.0
186345,2019,7,27,2019-07-27 06:40:00.000,2019-07-27 08:03:00.000,CET,czyIaKlsOlT6VE5avJtcWw,Active,Forced,10Y1001A1001A45N,BZN,SE2 BZ,SE2,46WGU0000000045T,Stornorrfors G4,Hydro Water Reservoir ,171.0,0,2,Complementary Information,2019-07-27 08:16:12,2402320.0,2402403.0
199525,2019,7,31,2019-07-31 23:18:00.000,2019-08-01 16:00:00.000,CET,HihxMZhYCTOuf74MFpIPYg,Active,Forced,10Y1001A1001A45N,BZN,SE2 BZ,SE2,46WGU0000000046R,Stalon G1,Hydro Water Reservoir ,120.0,0,3,Complementary Information,2019-08-01 13:15:57,2409078.0,2410080.0
4053100,2019,8,1,2019-08-01 09:30:00.000,2019-08-01 14:30:00.000,CET,tfKad64VxafVt3Lf575r9Q,Active,Planned,10Y1001A1001A45N,BZN,SE2 BZ,SE2,46WGU0000000045T,Stornorrfors G4,Hydro Water Reservoir ,171.0,0,1,Complementary Information,2019-07-24 08:46:13,2409690.0,2409990.0
4053098,2019,8,1,2019-08-01 09:30:00.000,2019-08-01 14:30:00.000,CET,Yf5dYO9POwI9KQGSHrI_cg,Active,Planned,10Y1001A1001A45N,BZN,SE2 BZ,SE2,46WGU0000000044V,Stornorrfors G3,Hydro Water Reservoir ,136.0,0,1,Complementary Information,2019-07-24 08:46:13,2409690.0,2409990.0
4066075,2019,8,6,2019-08-06 22:38:00.000,2019-08-07 02:00:00.000,CET,ExgooMICQTArmqfvJjxebA,Active,Forced,10Y1001A1001A45N,BZN,SE2 BZ,SE2,46WGU0000000046R,Stalon G1,Hydro Water Reservoir ,120.0,0,1,Complementary Information,2019-08-06 23:16:04,2417678.0,2417880.0
4082390,2019,8,21,2019-08-21 07:30:00.000,2019-08-21 19:00:00.000,CET,wqyn82tyMkW3wpQJtuwyDQ,Active,Planned,10Y1001A1001A45N,BZN,SE2 BZ,SE2,46WGU0000000045T,Stornorrfors G4,Hydro Water Reservoir ,171.0,0,2,Complementary Information,2019-08-21 15:46:13,2438370.0,2439060.0
4088404,2019,8,21,2019-08-21 21:52:00.000,2019-08-26 16:55:00.000,CET,cgNbFPUa8oyNe2jNWQoHOw,Active,Forced,10Y1001A1001A45N,BZN,SE2 BZ,SE2,46WGU0000000045T,Stornorrfors G4,Hydro Water Reservoir ,171.0,0,5,Complementary Information,2019-08-26 17:16:41,2439232.0,2446135.0
4089653,2019,8,26,2019-08-26 15:18:00.000,2019-08-27 09:40:00.000,CET,f85ly-LzGuaOcqRqpT2Ylw,Active,Forced,10Y1001A1001A45N,BZN,SE2 BZ,SE2,46WGU0000000042Z,Stornorrfors G1,Hydro Water Reservoir ,136.0,0,3,Complementary Information,2019-08-27 10:01:18,2446038.0,2447140.0
269615,2019,9,2,2019-09-02 00:08:00.000,2019-09-02 16:00:00.000,CET,_js-hyMvmSt3Xy_8hgNL7Q,Active,Planned,10Y1001A1001A45N,BZN,SE2 BZ,SE2,46WGU0000000042Z,Stornorrfors G1,Hydro Water Reservoir ,136.0,0,1,Complementary Information,2019-08-29 08:31:25,2455208.0,2456160.0
283468,2019,9,16,2019-09-16 08:00:00.000,2019-09-20 13:38:00.000,CET,YeSbdnFQvhSlzCF9PGZOeA,Active,Planned,10Y1001A1001A45N,BZN,SE2 BZ,SE2,46WGU0000000042Z,Stornorrfors G1,Hydro Water Reservoir ,136.0,0,6,Complementary Information,2019-09-20 13:46:17,2475840.0,2481938.0
282216,2019,9,18,2019-09-18 07:05:00.000,2019-09-18 13:39:00.000,CET,E7kwkbWtMISomCjPwltkVA,Active,Forced,10Y1001A1001A45N,BZN,SE2 BZ,SE2,46WGU0000000043X,Stornorrfors G2,Hydro Water Reservoir ,136.0,0,4,Complementary Information,2019-09-18 13:46:31,2478665.0,2479059.0
284127,2019,9,21,2019-09-21 08:18:00.000,2019-09-21 10:00:00.000,CET,jkHpefvlOgDK8MprOioJZA,Active,Forced,10Y1001A1001A45N,BZN,SE2 BZ,SE2,46WGU0000000045T,Stornorrfors G4,Hydro Water Reservoir ,171.0,0,1,Complementary Information,2019-09-21 08:31:14,2483058.0,2483160.0
286406,2019,9,24,2019-09-24 07:03:00.000,2019-09-24 09:01:00.000,CET,i-SQZqqOv5MKOELPxO8c-Q,Active,Forced,10Y1001A1001A45N,BZN,SE2 BZ,SE2,46WGU0000000044V,Stornorrfors G3,Hydro Water Reservoir ,136.0,0,3,Complementary Information,2019-09-24 09:16:21,2487303.0,2487421.0
769747,2019,10,3,2019-10-03 08:16:00.000,2019-10-03 09:30:00.000,CET,6CUgcw8RDHeBitTL98DRnA,Active,Forced,10Y1001A1001A45N,BZN,SE2 BZ,SE2,46WGU0000000046R,Stalon G1,Hydro Water Reservoir ,120.0,0,1,Complementary Information,2019-10-03 08:31:23,2500336.0,2500410.0
773950,2019,10,9,2019-10-09 10:00:00.000,2019-10-09 14:00:00.000,CET,wRVquhxy1qLAvSvlgFYr5w,Active,Planned,10Y1001A1001A45N,BZN,SE2 BZ,SE2,46WGU0000000042Z,Stornorrfors G1,Hydro Water Reservoir ,136.0,0,1,Complementary Information,2019-10-09 10:17:27,2509080.0,2509320.0
777760,2019,10,14,2019-10-14 15:40:00.000,2019-10-14 17:00:00.000,CET,rjEqKdEMkMzicwb6n19Rmw,Active,Forced,10Y1001A1001A45N,BZN,SE2 BZ,SE2,46WGU0000000042Z,Stornorrfors G1,Hydro Water Reservoir ,136.0,0,1,Complementary Information,2019-10-14 15:49:55,2516620.0,2516700.0
785506,2019,10,23,2019-10-23 08:00:00.000,2019-10-23 14:00:00.000,CET,VXb1LVbKnbDnt1WfwHUkwA,Active,Planned,10Y1001A1001A45N,BZN,SE2 BZ,SE2,46WGU0000000042Z,Stornorrfors G1,Hydro Water Reservoir ,136.0,0,1,Complementary Information,2019-10-22 15:16:28,2529120.0,2529480.0
787013,2019,10,24,2019-10-24 08:00:00.000,2019-10-24 16:00:00.000,CET,hlNkVW2Ec2VJlykbWMxCOw,Active,Planned,10Y1001A1001A45N,BZN,SE2 BZ,SE2,46WGU0000000042Z,Stornorrfors G1,Hydro Water Reservoir ,136.0,0,3,Complementary Information,2019-10-24 14:33:36,2530560.0,2531040.0
787235,2019,10,24,2019-10-24 22:10:00.000,2019-10-25 07:00:00.000,CET,1-Xm5W_6RJZHIvN6_VBB_g,Active,Forced,10Y1001A1001A45N,BZN,SE2 BZ,SE2,46WGU0000000046R,Stalon G1,Hydro Water Reservoir ,120.0,0,1,Complementary Information,2019-10-24 22:16:13,2531410.0,2531940.0
2236638,2019,11,4,2019-11-04 07:00:00.000,2020-03-31 16:00:00.000,CET,e7YCluN9eT-FPuZ9KU7jzg,Withdrawn,Planned,10Y1001A1001A45N,BZN,SE2 BZ,SE2,46WGU0000000043X,Stornorrfors G2,Hydro Water Reservoir ,136.0,0,1,Complementary Information,2019-08-20 15:01:14,2546340.0,2760000.0
5650062,2020,1,15,2020-01-15 07:30:00.000,2020-01-15 11:30:00.000,CET,uB9Ax6U4Lztt001NL3OIUw,Active,Planned,10Y1001A1001A45N,BZN,SE2 BZ,SE2,46WGU0000000042Z,Stornorrfors G1,Hydro Water Reservoir ,136.0,0,1,Complementary Information,2020-01-13 14:16:36,2650050.0,2650290.0
5665517,2020,1,28,2020-01-28 06:12:00.000,2020-01-28 07:30:00.000,CET,V3xE2CzcTb7pnwBwrLNsBQ,Active,Forced,10Y1001A1001A45N,BZN,SE2 BZ,SE2,46WGU0000000046R,Stalon G1,Hydro Water Reservoir ,120.0,0,1,Complementary Information,2020-01-28 06:16:56,2668692.0,2668770.0
5660940,2020,1,28,2020-01-28 08:00:00.000,2020-01-28 15:00:00.000,CET,JHi5CzmhkdU12EMEf6Y_Mw,Withdrawn,Planned,10Y1001A1001A45N,BZN,SE2 BZ,SE2,46WGU0000000044V,Stornorrfors G3,Hydro Water Reservoir ,136.0,0,1,Complementary Information,2020-01-23 09:17:20,2668800.0,2669220.0
5660944,2020,1,29,2020-01-29 08:00:00.000,2020-01-29 15:00:00.000,CET,DWOIgxEP_hw0-fkY2oeR6A,Withdrawn,Planned,10Y1001A1001A45N,BZN,SE2 BZ,SE2,46WGU0000000045T,Stornorrfors G4,Hydro Water Reservoir ,171.0,0,1,Complementary Information,2020-01-23 09:31:31,2670240.0,2670660.0
5660980,2020,1,30,2020-01-30 07:30:00.000,2020-01-30 10:00:00.000,CET,zaK69OUR3mUwS953sb9IJA,Active,Planned,10Y1001A1001A45N,BZN,SE2 BZ,SE2,46WGU0000000042Z,Stornorrfors G1,Hydro Water Reservoir ,136.0,0,1,Complementary Information,2020-01-23 09:31:34,2671650.0,2671800.0
2531970,2020,2,20,2020-02-20 08:00:00.000,2020-02-20 10:00:00.000,CET,xpvD3Zg4mdOo9K00LbEDHw,Active,Planned,10Y1001A1001A45N,BZN,SE2 BZ,SE2,46WGU0000000042Z,Stornorrfors G1,Hydro Water Reservoir ,136.0,0,1,Complementary Information,2020-02-18 16:16:18,2701920.0,2702040.0
4224041,2020,3,2,2020-03-02 07:00:00.000,2020-04-03 16:00:00.000,CET,xdjTOjvEuywNDtOU2o5_zA,Withdrawn,Planned,10Y1001A1001A45N,BZN,SE2 BZ,SE2,46WGU0000000042Z,Stornorrfors G1,Hydro Water Reservoir ,136.0,0,2,Complementary Information,2020-01-28 13:46:15,2717700.0,2764320.0
4230850,2020,3,10,2020-03-10 07:00:00.000,2020-03-10 14:00:00.000,CET,HK8WS0MC72bqfjFyZjb3xw,Active,Planned,10Y1001A1001A45N,BZN,SE2 BZ,SE2,46WGU0000000044V,Stornorrfors G3,Hydro Water Reservoir ,136.0,0,1,Complementary Information,2020-03-04 11:33:28,2729220.0,2729640.0
4230847,2020,3,10,2020-03-10 07:00:00.000,2020-03-10 11:00:00.000,CET,qCTi_i2KBkKVfxC8vUhzeQ,Active,Planned,10Y1001A1001A45N,BZN,SE2 BZ,SE2,46WGU0000000045T,Stornorrfors G4,Hydro Water Reservoir ,171.0,0,1,Complementary Information,2020-03-04 11:33:25,2729220.0,2729460.0
4248349,2020,3,30,2020-03-30 21:00:00.000,2020-04-01 12:20:00.000,CET,2CmSKqQgRf338thxuXW4rA,Active,Forced,10Y1001A1001A45N,BZN,SE2 BZ,SE2,46WGU0000000044V,Stornorrfors G3,Hydro Water Reservoir ,136.0,0,3,Complementary Information,2020-04-01 12:31:13,2758860.0,2761220.0
5164893,2020,4,13,2020-04-13 07:42:00.000,2020-04-14 16:00:00.000,CET,jOM_zeJs6Jb5nJ0uYLaORQ,Active,Forced,10Y1001A1001A45N,BZN,SE2 BZ,SE2,46WGU0000000043X,Stornorrfors G2,Hydro Water Reservoir ,136.0,0,2,Complementary Information,2020-04-13 08:46:52,2778222.0,2780160.0
5166010,2020,4,23,2020-04-23 07:30:00.000,2020-04-24 16:00:00.000,CET,h_n_whLn9_4l1IWaJsYGuA,Active,Planned,10Y1001A1001A45N,BZN,SE2 BZ,SE2,46WGU0000000044V,Stornorrfors G3,Hydro Water Reservoir ,136.0,0,3,Complementary Information,2020-04-15 14:46:04,2792610.0,2794560.0
1599067,2020,5,7,2020-05-07 07:30:00.000,2020-05-07 15:48:00.000,CET,V-ZlP2hjAsifoSsN73b1YA,Active,Planned,10Y1001A1001A45N,BZN,SE2 BZ,SE2,46WGU0000000045T,Stornorrfors G4,Hydro Water Reservoir ,171.0,0,2,Complementary Information,2020-05-07 17:20:33,2812770.0,2813268.0
1605032,2020,5,15,2020-05-15 16:45:00.000,2020-05-16 10:38:00.000,CET,jSttjMk7lwxhbGNtT57pOA,Active,Forced,10Y1001A1001A45N,BZN,SE2 BZ,SE2,46WGU0000000046R,Stalon G1,Hydro Water Reservoir ,120.0,0,2,Complementary Information,2020-05-16 11:02:05,2824845.0,2825918.0
1610198,2020,5,26,2020-05-26 06:49:00.000,2020-05-26 08:04:00.000,CET,xbW7-ORgw74Ef_c-56y00g,Active,Forced,10Y1001A1001A45N,BZN,SE2 BZ,SE2,46WGU0000000046R,Stalon G1,Hydro Water Reservoir ,120.0,0,2,Complementary Information,2020-05-26 08:20:14,2840089.0,2840164.0
1146036,2020,6,1,2020-06-01 08:00:00.000,2020-06-01 10:00:00.000,CET,5wwkVn1yPuQ-BHYuYDnxtQ,Active,Planned,10Y1001A1001A45N,BZN,SE2 BZ,SE2,46WGU0000000045T,Stornorrfors G4,Hydro Water Reservoir ,171.0,0,1,Complementary Information,2020-05-27 09:46:11,2848800.0,2848920.0
1146034,2020,6,1,2020-06-01 12:00:00.000,2020-06-01 14:00:00.000,CET,OduWSDPfJ6Mh1scvfwG-tw,Active,Planned,10Y1001A1001A45N,BZN,SE2 BZ,SE2,46WGU0000000044V,Stornorrfors G3,Hydro Water Reservoir ,136.0,0,1,Complementary Information,2020-05-27 09:46:04,2849040.0,2849160.0
1146026,2020,6,2,2020-06-02 08:00:00.000,2020-06-02 11:00:00.000,CET,jQRQtO5CaLldoamHYC_THw,Active,Planned,10Y1001A1001A45N,BZN,SE2 BZ,SE2,46WGU0000000042Z,Stornorrfors G1,Hydro Water Reservoir ,136.0,0,1,Complementary Information,2020-05-27 09:16:54,2850240.0,2850420.0
1146032,2020,6,2,2020-06-02 12:00:00.000,2020-06-02 15:00:00.000,CET,LaYcduLl1ZSEeylF3-JGzg,Active,Planned,10Y1001A1001A45N,BZN,SE2 BZ,SE2,46WGU0000000043X,Stornorrfors G2,Hydro Water Reservoir ,136.0,0,1,Complementary Information,2020-05-27 09:31:14,2850480.0,2850660.0
1893085,2020,8,4,2020-08-04 07:00:00.000,2020-08-07 16:00:00.000,CET,gErAa3F0I6a02wql36AoBQ,Active,Planned,10Y1001A1001A45N,BZN,SE2 BZ,SE2,46WGU0000000042Z,Stornorrfors G1,Hydro Water Reservoir ,136.0,0,2,Complementary Information,2020-02-11 14:32:30,2940900.0,2945760.0
1893083,2020,8,4,2020-08-04 07:00:00.000,2020-08-07 16:00:00.000,CET,dp-H9DU82GNyqwssdEqTLg,Active,Planned,10Y1001A1001A45N,BZN,SE2 BZ,SE2,46WGU0000000043X,Stornorrfors G2,Hydro Water Reservoir ,136.0,0,1,Complementary Information,2020-02-11 14:32:29,2940900.0,2945760.0
1894047,2020,8,10,2020-08-10 07:00:00.000,2020-09-14 10:00:00.000,CET,RnT_mMZRUFsIbO3l2Bw7zQ,Active,Planned,10Y1001A1001A45N,BZN,SE2 BZ,SE2,46WGU0000000045T,Stornorrfors G4,Hydro Water Reservoir ,171.0,0,4,Complementary Information,2020-05-05 20:32:02,2949540.0,3000120.0
2916447,2020,10,5,2020-10-05 07:00:00.000,2021-03-26 16:00:00.000,CET,MZEPV0OaPuuBjtjc2lOveg,Withdrawn,Planned,10Y1001A1001A45N,BZN,SE2 BZ,SE2,46WGU0000000044V,Stornorrfors G3,Hydro Water Reservoir ,136.0,0,1,Complementary Information,2019-12-17 10:46:51,3030180.0,3278400.0
