Unnamed: 0,Year,Month,Day,DateTime,ResolutionCode,areacode,AreaTypeCode,AreaName,MapCode,RegisterItemTypeName,LoadUpPrice,LoadDownPrice,GenerationUpPrice,GenerationDownPrice,NotSpecifiedUpPrice,NotSpecifiedDownPrice,PriceType,Currency,UpdateTime
2002,2015,1,1,2015-01-01 00:00:00.000,PT60M,10Y1001A1001A47J,MBA,SE4 MBA,SE4,Replacement Reserve (RR),,,0.0,0.0,,,AVERAGE,EUR,2017-09-14 13:17:02
2003,2015,1,1,2015-01-01 01:00:00.000,PT60M,10Y1001A1001A47J,MBA,SE4 MBA,SE4,Replacement Reserve (RR),,,0.0,0.0,,,AVERAGE,EUR,2017-09-14 13:17:02
2004,2015,1,1,2015-01-01 02:00:00.000,PT60M,10Y1001A1001A47J,MBA,SE4 MBA,SE4,Replacement Reserve (RR),,,0.0,0.0,,,AVERAGE,EUR,2017-09-14 13:17:02
2005,2015,1,1,2015-01-01 03:00:00.000,PT60M,10Y1001A1001A47J,MBA,SE4 MBA,SE4,Replacement Reserve (RR),,,0.0,0.0,,,AVERAGE,EUR,2017-09-14 13:17:02
2006,2015,1,1,2015-01-01 04:00:00.000,PT60M,10Y1001A1001A47J,MBA,SE4 MBA,SE4,Replacement Reserve (RR),,,0.0,0.0,,,AVERAGE,EUR,2017-09-14 13:17:02
2007,2015,1,1,2015-01-01 05:00:00.000,PT60M,10Y1001A1001A47J,MBA,SE4 MBA,SE4,Replacement Reserve (RR),,,0.0,0.0,,,AVERAGE,EUR,2017-09-14 13:17:02
2008,2015,1,1,2015-01-01 06:00:00.000,PT60M,10Y1001A1001A47J,MBA,SE4 MBA,SE4,Replacement Reserve (RR),,,0.0,0.0,,,AVERAGE,EUR,2017-09-14 13:17:02
2009,2015,1,1,2015-01-01 07:00:00.000,PT60M,10Y1001A1001A47J,MBA,SE4 MBA,SE4,Replacement Reserve (RR),,,0.0,0.0,,,AVERAGE,EUR,2017-09-14 13:17:02
2010,2015,1,1,2015-01-01 08:00:00.000,PT60M,10Y1001A1001A47J,MBA,SE4 MBA,SE4,Replacement Reserve (RR),,,0.0,0.0,,,AVERAGE,EUR,2017-09-14 13:17:02
2011,2015,1,1,2015-01-01 09:00:00.000,PT60M,10Y1001A1001A47J,MBA,SE4 MBA,SE4,Replacement Reserve (RR),,,0.0,0.0,,,AVERAGE,EUR,2017-09-14 13:17:02
2012,2015,1,1,2015-01-01 10:00:00.000,PT60M,10Y1001A1001A47J,MBA,SE4 MBA,SE4,Replacement Reserve (RR),,,0.0,0.0,,,AVERAGE,EUR,2017-09-14 13:17:02
2031,2015,1,1,2015-01-01 11:00:00.000,PT60M,10Y1001A1001A47J,MBA,SE4 MBA,SE4,Replacement Reserve (RR),,,0.0,0.0,,,AVERAGE,EUR,2017-09-14 13:17:02
2032,2015,1,1,2015-01-01 12:00:00.000,PT60M,10Y1001A1001A47J,MBA,SE4 MBA,SE4,Replacement Reserve (RR),,,0.0,0.0,,,AVERAGE,EUR,2017-09-14 13:17:02
2033,2015,1,1,2015-01-01 13:00:00.000,PT60M,10Y1001A1001A47J,MBA,SE4 MBA,SE4,Replacement Reserve (RR),,,0.0,0.0,,,AVERAGE,EUR,2017-09-14 13:17:02
2034,2015,1,1,2015-01-01 14:00:00.000,PT60M,10Y1001A1001A47J,MBA,SE4 MBA,SE4,Replacement Reserve (RR),,,0.0,0.0,,,AVERAGE,EUR,2017-09-14 13:17:02
2035,2015,1,1,2015-01-01 15:00:00.000,PT60M,10Y1001A1001A47J,MBA,SE4 MBA,SE4,Replacement Reserve (RR),,,0.0,0.0,,,AVERAGE,EUR,2017-09-14 13:17:02
2036,2015,1,1,2015-01-01 16:00:00.000,PT60M,10Y1001A1001A47J,MBA,SE4 MBA,SE4,Replacement Reserve (RR),,,0.0,0.0,,,AVERAGE,EUR,2017-09-14 13:17:02
2037,2015,1,1,2015-01-01 17:00:00.000,PT60M,10Y1001A1001A47J,MBA,SE4 MBA,SE4,Replacement Reserve (RR),,,0.0,0.0,,,AVERAGE,EUR,2017-09-14 13:17:02
2038,2015,1,1,2015-01-01 18:00:00.000,PT60M,10Y1001A1001A47J,MBA,SE4 MBA,SE4,Replacement Reserve (RR),,,0.0,0.0,,,AVERAGE,EUR,2017-09-14 13:17:02
2039,2015,1,1,2015-01-01 19:00:00.000,PT60M,10Y1001A1001A47J,MBA,SE4 MBA,SE4,Replacement Reserve (RR),,,0.0,0.0,,,AVERAGE,EUR,2017-09-14 13:17:02
2040,2015,1,1,2015-01-01 20:00:00.000,PT60M,10Y1001A1001A47J,MBA,SE4 MBA,SE4,Replacement Reserve (RR),,,0.0,0.0,,,AVERAGE,EUR,2017-09-14 13:17:02
2041,2015,1,1,2015-01-01 21:00:00.000,PT60M,10Y1001A1001A47J,MBA,SE4 MBA,SE4,Replacement Reserve (RR),,,0.0,0.0,,,AVERAGE,EUR,2017-09-14 13:17:02
2042,2015,1,1,2015-01-01 22:00:00.000,PT60M,10Y1001A1001A47J,MBA,SE4 MBA,SE4,Replacement Reserve (RR),,,0.0,0.0,,,AVERAGE,EUR,2017-09-14 13:17:02
2043,2015,1,1,2015-01-01 23:00:00.000,PT60M,10Y1001A1001A47J,MBA,SE4 MBA,SE4,Replacement Reserve (RR),,,0.0,0.0,,,AVERAGE,EUR,2017-09-14 13:17:02
867,2015,1,2,2015-01-02 00:00:00.000,PT60M,10Y1001A1001A47J,MBA,SE4 MBA,SE4,Replacement Reserve (RR),,,0.0,0.0,,,AVERAGE,EUR,2017-09-14 13:17:02
868,2015,1,2,2015-01-02 01:00:00.000,PT60M,10Y1001A1001A47J,MBA,SE4 MBA,SE4,Replacement Reserve (RR),,,0.0,0.0,,,AVERAGE,EUR,2017-09-14 13:17:02
869,2015,1,2,2015-01-02 02:00:00.000,PT60M,10Y1001A1001A47J,MBA,SE4 MBA,SE4,Replacement Reserve (RR),,,0.0,0.0,,,AVERAGE,EUR,2017-09-14 13:17:02
870,2015,1,2,2015-01-02 03:00:00.000,PT60M,10Y1001A1001A47J,MBA,SE4 MBA,SE4,Replacement Reserve (RR),,,0.0,0.0,,,AVERAGE,EUR,2017-09-14 13:17:02
871,2015,1,2,2015-01-02 04:00:00.000,PT60M,10Y1001A1001A47J,MBA,SE4 MBA,SE4,Replacement Reserve (RR),,,0.0,0.0,,,AVERAGE,EUR,2017-09-14 13:17:02
872,2015,1,2,2015-01-02 05:00:00.000,PT60M,10Y1001A1001A47J,MBA,SE4 MBA,SE4,Replacement Reserve (RR),,,0.0,0.0,,,AVERAGE,EUR,2017-09-14 13:17:02
873,2015,1,2,2015-01-02 06:00:00.000,PT60M,10Y1001A1001A47J,MBA,SE4 MBA,SE4,Replacement Reserve (RR),,,0.0,0.0,,,AVERAGE,EUR,2017-09-14 13:17:02
874,2015,1,2,2015-01-02 07:00:00.000,PT60M,10Y1001A1001A47J,MBA,SE4 MBA,SE4,Replacement Reserve (RR),,,0.0,0.0,,,AVERAGE,EUR,2017-09-14 13:17:02
875,2015,1,2,2015-01-02 08:00:00.000,PT60M,10Y1001A1001A47J,MBA,SE4 MBA,SE4,Replacement Reserve (RR),,,0.0,0.0,,,AVERAGE,EUR,2017-09-14 13:17:02
876,2015,1,2,2015-01-02 09:00:00.000,PT60M,10Y1001A1001A47J,MBA,SE4 MBA,SE4,Replacement Reserve (RR),,,0.0,0.0,,,AVERAGE,EUR,2017-09-14 13:17:02
877,2015,1,2,2015-01-02 10:00:00.000,PT60M,10Y1001A1001A47J,MBA,SE4 MBA,SE4,Replacement Reserve (RR),,,0.0,0.0,,,AVERAGE,EUR,2017-09-14 13:17:02
878,2015,1,2,2015-01-02 11:00:00.000,PT60M,10Y1001A1001A47J,MBA,SE4 MBA,SE4,Replacement Reserve (RR),,,0.0,0.0,,,AVERAGE,EUR,2017-09-14 13:17:02
879,2015,1,2,2015-01-02 12:00:00.000,PT60M,10Y1001A1001A47J,MBA,SE4 MBA,SE4,Replacement Reserve (RR),,,0.0,0.0,,,AVERAGE,EUR,2017-09-14 13:17:02
880,2015,1,2,2015-01-02 13:00:00.000,PT60M,10Y1001A1001A47J,MBA,SE4 MBA,SE4,Replacement Reserve (RR),,,0.0,0.0,,,AVERAGE,EUR,2017-09-14 13:17:02
881,2015,1,2,2015-01-02 14:00:00.000,PT60M,10Y1001A1001A47J,MBA,SE4 MBA,SE4,Replacement Reserve (RR),,,0.0,0.0,,,AVERAGE,EUR,2017-09-14 13:17:02
882,2015,1,2,2015-01-02 15:00:00.000,PT60M,10Y1001A1001A47J,MBA,SE4 MBA,SE4,Replacement Reserve (RR),,,0.0,0.0,,,AVERAGE,EUR,2017-09-14 13:17:02
902,2015,1,2,2015-01-02 16:00:00.000,PT60M,10Y1001A1001A47J,MBA,SE4 MBA,SE4,Replacement Reserve (RR),,,0.0,0.0,,,AVERAGE,EUR,2017-09-14 13:17:02
903,2015,1,2,2015-01-02 17:00:00.000,PT60M,10Y1001A1001A47J,MBA,SE4 MBA,SE4,Replacement Reserve (RR),,,0.0,0.0,,,AVERAGE,EUR,2017-09-14 13:17:02
904,2015,1,2,2015-01-02 18:00:00.000,PT60M,10Y1001A1001A47J,MBA,SE4 MBA,SE4,Replacement Reserve (RR),,,0.0,0.0,,,AVERAGE,EUR,2017-09-14 13:17:02
905,2015,1,2,2015-01-02 19:00:00.000,PT60M,10Y1001A1001A47J,MBA,SE4 MBA,SE4,Replacement Reserve (RR),,,0.0,0.0,,,AVERAGE,EUR,2017-09-14 13:17:02
906,2015,1,2,2015-01-02 20:00:00.000,PT60M,10Y1001A1001A47J,MBA,SE4 MBA,SE4,Replacement Reserve (RR),,,0.0,0.0,,,AVERAGE,EUR,2017-09-14 13:17:02
907,2015,1,2,2015-01-02 21:00:00.000,PT60M,10Y1001A1001A47J,MBA,SE4 MBA,SE4,Replacement Reserve (RR),,,0.0,0.0,,,AVERAGE,EUR,2017-09-14 13:17:02
908,2015,1,2,2015-01-02 22:00:00.000,PT60M,10Y1001A1001A47J,MBA,SE4 MBA,SE4,Replacement Reserve (RR),,,0.0,0.0,,,AVERAGE,EUR,2017-09-14 13:17:02
909,2015,1,2,2015-01-02 23:00:00.000,PT60M,10Y1001A1001A47J,MBA,SE4 MBA,SE4,Replacement Reserve (RR),,,0.0,0.0,,,AVERAGE,EUR,2017-09-14 13:17:02
18326,2015,1,3,2015-01-03 00:00:00.000,PT60M,10Y1001A1001A47J,MBA,SE4 MBA,SE4,Replacement Reserve (RR),,,0.0,0.0,,,AVERAGE,EUR,2017-09-14 13:17:03
18327,2015,1,3,2015-01-03 01:00:00.000,PT60M,10Y1001A1001A47J,MBA,SE4 MBA,SE4,Replacement Reserve (RR),,,0.0,0.0,,,AVERAGE,EUR,2017-09-14 13:17:03
18328,2015,1,3,2015-01-03 02:00:00.000,PT60M,10Y1001A1001A47J,MBA,SE4 MBA,SE4,Replacement Reserve (RR),,,0.0,0.0,,,AVERAGE,EUR,2017-09-14 13:17:03
18329,2015,1,3,2015-01-03 03:00:00.000,PT60M,10Y1001A1001A47J,MBA,SE4 MBA,SE4,Replacement Reserve (RR),,,0.0,0.0,,,AVERAGE,EUR,2017-09-14 13:17:03
18330,2015,1,3,2015-01-03 04:00:00.000,PT60M,10Y1001A1001A47J,MBA,SE4 MBA,SE4,Replacement Reserve (RR),,,0.0,0.0,,,AVERAGE,EUR,2017-09-14 13:17:03
18331,2015,1,3,2015-01-03 05:00:00.000,PT60M,10Y1001A1001A47J,MBA,SE4 MBA,SE4,Replacement Reserve (RR),,,0.0,0.0,,,AVERAGE,EUR,2017-09-14 13:17:03
18332,2015,1,3,2015-01-03 06:00:00.000,PT60M,10Y1001A1001A47J,MBA,SE4 MBA,SE4,Replacement Reserve (RR),,,0.0,0.0,,,AVERAGE,EUR,2017-09-14 13:17:03
18333,2015,1,3,2015-01-03 07:00:00.000,PT60M,10Y1001A1001A47J,MBA,SE4 MBA,SE4,Replacement Reserve (RR),,,0.0,0.0,,,AVERAGE,EUR,2017-09-14 13:17:03
18334,2015,1,3,2015-01-03 08:00:00.000,PT60M,10Y1001A1001A47J,MBA,SE4 MBA,SE4,Replacement Reserve (RR),,,0.0,0.0,,,AVERAGE,EUR,2017-09-14 13:17:03
18372,2015,1,3,2015-01-03 09:00:00.000,PT60M,10Y1001A1001A47J,MBA,SE4 MBA,SE4,Replacement Reserve (RR),,,0.0,0.0,,,AVERAGE,EUR,2017-09-14 13:17:03
18373,2015,1,3,2015-01-03 10:00:00.000,PT60M,10Y1001A1001A47J,MBA,SE4 MBA,SE4,Replacement Reserve (RR),,,0.0,0.0,,,AVERAGE,EUR,2017-09-14 13:17:03
18374,2015,1,3,2015-01-03 11:00:00.000,PT60M,10Y1001A1001A47J,MBA,SE4 MBA,SE4,Replacement Reserve (RR),,,0.0,0.0,,,AVERAGE,EUR,2017-09-14 13:17:03
18375,2015,1,3,2015-01-03 12:00:00.000,PT60M,10Y1001A1001A47J,MBA,SE4 MBA,SE4,Replacement Reserve (RR),,,0.0,0.0,,,AVERAGE,EUR,2017-09-14 13:17:03
18376,2015,1,3,2015-01-03 13:00:00.000,PT60M,10Y1001A1001A47J,MBA,SE4 MBA,SE4,Replacement Reserve (RR),,,0.0,0.0,,,AVERAGE,EUR,2017-09-14 13:17:03
18377,2015,1,3,2015-01-03 14:00:00.000,PT60M,10Y1001A1001A47J,MBA,SE4 MBA,SE4,Replacement Reserve (RR),,,0.0,0.0,,,AVERAGE,EUR,2017-09-14 13:17:03
18378,2015,1,3,2015-01-03 15:00:00.000,PT60M,10Y1001A1001A47J,MBA,SE4 MBA,SE4,Replacement Reserve (RR),,,0.0,0.0,,,AVERAGE,EUR,2017-09-14 13:17:03
18379,2015,1,3,2015-01-03 16:00:00.000,PT60M,10Y1001A1001A47J,MBA,SE4 MBA,SE4,Replacement Reserve (RR),,,0.0,0.0,,,AVERAGE,EUR,2017-09-14 13:17:03
18380,2015,1,3,2015-01-03 17:00:00.000,PT60M,10Y1001A1001A47J,MBA,SE4 MBA,SE4,Replacement Reserve (RR),,,0.0,0.0,,,AVERAGE,EUR,2017-09-14 13:17:03
18381,2015,1,3,2015-01-03 18:00:00.000,PT60M,10Y1001A1001A47J,MBA,SE4 MBA,SE4,Replacement Reserve (RR),,,0.0,0.0,,,AVERAGE,EUR,2017-09-14 13:17:03
18382,2015,1,3,2015-01-03 19:00:00.000,PT60M,10Y1001A1001A47J,MBA,SE4 MBA,SE4,Replacement Reserve (RR),,,0.0,0.0,,,AVERAGE,EUR,2017-09-14 13:17:03
18383,2015,1,3,2015-01-03 20:00:00.000,PT60M,10Y1001A1001A47J,MBA,SE4 MBA,SE4,Replacement Reserve (RR),,,0.0,0.0,,,AVERAGE,EUR,2017-09-14 13:17:03
18384,2015,1,3,2015-01-03 21:00:00.000,PT60M,10Y1001A1001A47J,MBA,SE4 MBA,SE4,Replacement Reserve (RR),,,0.0,0.0,,,AVERAGE,EUR,2017-09-14 13:17:03
18385,2015,1,3,2015-01-03 22:00:00.000,PT60M,10Y1001A1001A47J,MBA,SE4 MBA,SE4,Replacement Reserve (RR),,,0.0,0.0,,,AVERAGE,EUR,2017-09-14 13:17:03
18386,2015,1,3,2015-01-03 23:00:00.000,PT60M,10Y1001A1001A47J,MBA,SE4 MBA,SE4,Replacement Reserve (RR),,,0.0,0.0,,,AVERAGE,EUR,2017-09-14 13:17:03
8029,2015,1,4,2015-01-04 00:00:00.000,PT60M,10Y1001A1001A47J,MBA,SE4 MBA,SE4,Replacement Reserve (RR),,,0.0,0.0,,,AVERAGE,EUR,2017-09-14 13:17:03
8030,2015,1,4,2015-01-04 01:00:00.000,PT60M,10Y1001A1001A47J,MBA,SE4 MBA,SE4,Replacement Reserve (RR),,,0.0,0.0,,,AVERAGE,EUR,2017-09-14 13:17:03
8031,2015,1,4,2015-01-04 02:00:00.000,PT60M,10Y1001A1001A47J,MBA,SE4 MBA,SE4,Replacement Reserve (RR),,,0.0,0.0,,,AVERAGE,EUR,2017-09-14 13:17:03
8032,2015,1,4,2015-01-04 03:00:00.000,PT60M,10Y1001A1001A47J,MBA,SE4 MBA,SE4,Replacement Reserve (RR),,,0.0,0.0,,,AVERAGE,EUR,2017-09-14 13:17:03
8033,2015,1,4,2015-01-04 04:00:00.000,PT60M,10Y1001A1001A47J,MBA,SE4 MBA,SE4,Replacement Reserve (RR),,,0.0,0.0,,,AVERAGE,EUR,2017-09-14 13:17:03
8034,2015,1,4,2015-01-04 05:00:00.000,PT60M,10Y1001A1001A47J,MBA,SE4 MBA,SE4,Replacement Reserve (RR),,,0.0,0.0,,,AVERAGE,EUR,2017-09-14 13:17:03
8035,2015,1,4,2015-01-04 06:00:00.000,PT60M,10Y1001A1001A47J,MBA,SE4 MBA,SE4,Replacement Reserve (RR),,,0.0,0.0,,,AVERAGE,EUR,2017-09-14 13:17:03
8036,2015,1,4,2015-01-04 07:00:00.000,PT60M,10Y1001A1001A47J,MBA,SE4 MBA,SE4,Replacement Reserve (RR),,,0.0,0.0,,,AVERAGE,EUR,2017-09-14 13:17:03
8037,2015,1,4,2015-01-04 08:00:00.000,PT60M,10Y1001A1001A47J,MBA,SE4 MBA,SE4,Replacement Reserve (RR),,,0.0,0.0,,,AVERAGE,EUR,2017-09-14 13:17:03
8038,2015,1,4,2015-01-04 09:00:00.000,PT60M,10Y1001A1001A47J,MBA,SE4 MBA,SE4,Replacement Reserve (RR),,,0.0,0.0,,,AVERAGE,EUR,2017-09-14 13:17:03
8039,2015,1,4,2015-01-04 10:00:00.000,PT60M,10Y1001A1001A47J,MBA,SE4 MBA,SE4,Replacement Reserve (RR),,,0.0,0.0,,,AVERAGE,EUR,2017-09-14 13:17:03
8040,2015,1,4,2015-01-04 11:00:00.000,PT60M,10Y1001A1001A47J,MBA,SE4 MBA,SE4,Replacement Reserve (RR),,,0.0,0.0,,,AVERAGE,EUR,2017-09-14 13:17:03
8041,2015,1,4,2015-01-04 12:00:00.000,PT60M,10Y1001A1001A47J,MBA,SE4 MBA,SE4,Replacement Reserve (RR),,,0.0,0.0,,,AVERAGE,EUR,2017-09-14 13:17:03
8042,2015,1,4,2015-01-04 13:00:00.000,PT60M,10Y1001A1001A47J,MBA,SE4 MBA,SE4,Replacement Reserve (RR),,,0.0,0.0,,,AVERAGE,EUR,2017-09-14 13:17:03
8062,2015,1,4,2015-01-04 14:00:00.000,PT60M,10Y1001A1001A47J,MBA,SE4 MBA,SE4,Replacement Reserve (RR),,,0.0,0.0,,,AVERAGE,EUR,2017-09-14 13:17:03
8063,2015,1,4,2015-01-04 15:00:00.000,PT60M,10Y1001A1001A47J,MBA,SE4 MBA,SE4,Replacement Reserve (RR),,,0.0,0.0,,,AVERAGE,EUR,2017-09-14 13:17:03
8064,2015,1,4,2015-01-04 16:00:00.000,PT60M,10Y1001A1001A47J,MBA,SE4 MBA,SE4,Replacement Reserve (RR),,,0.0,0.0,,,AVERAGE,EUR,2017-09-14 13:17:03
8065,2015,1,4,2015-01-04 17:00:00.000,PT60M,10Y1001A1001A47J,MBA,SE4 MBA,SE4,Replacement Reserve (RR),,,0.0,0.0,,,AVERAGE,EUR,2017-09-14 13:17:03
8066,2015,1,4,2015-01-04 18:00:00.000,PT60M,10Y1001A1001A47J,MBA,SE4 MBA,SE4,Replacement Reserve (RR),,,0.0,0.0,,,AVERAGE,EUR,2017-09-14 13:17:03
8067,2015,1,4,2015-01-04 19:00:00.000,PT60M,10Y1001A1001A47J,MBA,SE4 MBA,SE4,Replacement Reserve (RR),,,0.0,0.0,,,AVERAGE,EUR,2017-09-14 13:17:03
8068,2015,1,4,2015-01-04 20:00:00.000,PT60M,10Y1001A1001A47J,MBA,SE4 MBA,SE4,Replacement Reserve (RR),,,0.0,0.0,,,AVERAGE,EUR,2017-09-14 13:17:03
8069,2015,1,4,2015-01-04 21:00:00.000,PT60M,10Y1001A1001A47J,MBA,SE4 MBA,SE4,Replacement Reserve (RR),,,0.0,0.0,,,AVERAGE,EUR,2017-09-14 13:17:03
8070,2015,1,4,2015-01-04 22:00:00.000,PT60M,10Y1001A1001A47J,MBA,SE4 MBA,SE4,Replacement Reserve (RR),,,0.0,0.0,,,AVERAGE,EUR,2017-09-14 13:17:03
8071,2015,1,4,2015-01-04 23:00:00.000,PT60M,10Y1001A1001A47J,MBA,SE4 MBA,SE4,Replacement Reserve (RR),,,0.0,0.0,,,AVERAGE,EUR,2017-09-14 13:17:03
15671,2015,1,5,2015-01-05 00:00:00.000,PT60M,10Y1001A1001A47J,MBA,SE4 MBA,SE4,Replacement Reserve (RR),,,0.0,0.0,,,AVERAGE,EUR,2017-09-14 13:17:04
15672,2015,1,5,2015-01-05 01:00:00.000,PT60M,10Y1001A1001A47J,MBA,SE4 MBA,SE4,Replacement Reserve (RR),,,0.0,0.0,,,AVERAGE,EUR,2017-09-14 13:17:04
15673,2015,1,5,2015-01-05 02:00:00.000,PT60M,10Y1001A1001A47J,MBA,SE4 MBA,SE4,Replacement Reserve (RR),,,0.0,0.0,,,AVERAGE,EUR,2017-09-14 13:17:04
15674,2015,1,5,2015-01-05 03:00:00.000,PT60M,10Y1001A1001A47J,MBA,SE4 MBA,SE4,Replacement Reserve (RR),,,0.0,0.0,,,AVERAGE,EUR,2017-09-14 13:17:04
15675,2015,1,5,2015-01-05 04:00:00.000,PT60M,10Y1001A1001A47J,MBA,SE4 MBA,SE4,Replacement Reserve (RR),,,0.0,0.0,,,AVERAGE,EUR,2017-09-14 13:17:04
15676,2015,1,5,2015-01-05 05:00:00.000,PT60M,10Y1001A1001A47J,MBA,SE4 MBA,SE4,Replacement Reserve (RR),,,0.0,0.0,,,AVERAGE,EUR,2017-09-14 13:17:04
15677,2015,1,5,2015-01-05 06:00:00.000,PT60M,10Y1001A1001A47J,MBA,SE4 MBA,SE4,Replacement Reserve (RR),,,0.0,0.0,,,AVERAGE,EUR,2017-09-14 13:17:04
15678,2015,1,5,2015-01-05 07:00:00.000,PT60M,10Y1001A1001A47J,MBA,SE4 MBA,SE4,Replacement Reserve (RR),,,0.0,0.0,,,AVERAGE,EUR,2017-09-14 13:17:04
15679,2015,1,5,2015-01-05 08:00:00.000,PT60M,10Y1001A1001A47J,MBA,SE4 MBA,SE4,Replacement Reserve (RR),,,0.0,0.0,,,AVERAGE,EUR,2017-09-14 13:17:04
15680,2015,1,5,2015-01-05 09:00:00.000,PT60M,10Y1001A1001A47J,MBA,SE4 MBA,SE4,Replacement Reserve (RR),,,0.0,0.0,,,AVERAGE,EUR,2017-09-14 13:17:04
15681,2015,1,5,2015-01-05 10:00:00.000,PT60M,10Y1001A1001A47J,MBA,SE4 MBA,SE4,Replacement Reserve (RR),,,0.0,0.0,,,AVERAGE,EUR,2017-09-14 13:17:04
15682,2015,1,5,2015-01-05 11:00:00.000,PT60M,10Y1001A1001A47J,MBA,SE4 MBA,SE4,Replacement Reserve (RR),,,0.0,0.0,,,AVERAGE,EUR,2017-09-14 13:17:04
15683,2015,1,5,2015-01-05 12:00:00.000,PT60M,10Y1001A1001A47J,MBA,SE4 MBA,SE4,Replacement Reserve (RR),,,0.0,0.0,,,AVERAGE,EUR,2017-09-14 13:17:04
15684,2015,1,5,2015-01-05 13:00:00.000,PT60M,10Y1001A1001A47J,MBA,SE4 MBA,SE4,Replacement Reserve (RR),,,0.0,0.0,,,AVERAGE,EUR,2017-09-14 13:17:04
15685,2015,1,5,2015-01-05 14:00:00.000,PT60M,10Y1001A1001A47J,MBA,SE4 MBA,SE4,Replacement Reserve (RR),,,0.0,0.0,,,AVERAGE,EUR,2017-09-14 13:17:04
15686,2015,1,5,2015-01-05 15:00:00.000,PT60M,10Y1001A1001A47J,MBA,SE4 MBA,SE4,Replacement Reserve (RR),,,0.0,0.0,,,AVERAGE,EUR,2017-09-14 13:17:04
15687,2015,1,5,2015-01-05 16:00:00.000,PT60M,10Y1001A1001A47J,MBA,SE4 MBA,SE4,Replacement Reserve (RR),,,0.0,0.0,,,AVERAGE,EUR,2017-09-14 13:17:04
15688,2015,1,5,2015-01-05 17:00:00.000,PT60M,10Y1001A1001A47J,MBA,SE4 MBA,SE4,Replacement Reserve (RR),,,0.0,0.0,,,AVERAGE,EUR,2017-09-14 13:17:04
15689,2015,1,5,2015-01-05 18:00:00.000,PT60M,10Y1001A1001A47J,MBA,SE4 MBA,SE4,Replacement Reserve (RR),,,0.0,0.0,,,AVERAGE,EUR,2017-09-14 13:17:04
15690,2015,1,5,2015-01-05 19:00:00.000,PT60M,10Y1001A1001A47J,MBA,SE4 MBA,SE4,Replacement Reserve (RR),,,0.0,0.0,,,AVERAGE,EUR,2017-09-14 13:17:04
15691,2015,1,5,2015-01-05 20:00:00.000,PT60M,10Y1001A1001A47J,MBA,SE4 MBA,SE4,Replacement Reserve (RR),,,0.0,0.0,,,AVERAGE,EUR,2017-09-14 13:17:04
15692,2015,1,5,2015-01-05 21:00:00.000,PT60M,10Y1001A1001A47J,MBA,SE4 MBA,SE4,Replacement Reserve (RR),,,0.0,0.0,,,AVERAGE,EUR,2017-09-14 13:17:04
15693,2015,1,5,2015-01-05 22:00:00.000,PT60M,10Y1001A1001A47J,MBA,SE4 MBA,SE4,Replacement Reserve (RR),,,0.0,0.0,,,AVERAGE,EUR,2017-09-14 13:17:04
15694,2015,1,5,2015-01-05 23:00:00.000,PT60M,10Y1001A1001A47J,MBA,SE4 MBA,SE4,Replacement Reserve (RR),,,0.0,0.0,,,AVERAGE,EUR,2017-09-14 13:17:04
21132,2015,1,6,2015-01-06 00:00:00.000,PT60M,10Y1001A1001A47J,MBA,SE4 MBA,SE4,Replacement Reserve (RR),,,0.0,0.0,,,AVERAGE,EUR,2017-09-14 13:17:15
21133,2015,1,6,2015-01-06 01:00:00.000,PT60M,10Y1001A1001A47J,MBA,SE4 MBA,SE4,Replacement Reserve (RR),,,0.0,0.0,,,AVERAGE,EUR,2017-09-14 13:17:15
21134,2015,1,6,2015-01-06 02:00:00.000,PT60M,10Y1001A1001A47J,MBA,SE4 MBA,SE4,Replacement Reserve (RR),,,0.0,0.0,,,AVERAGE,EUR,2017-09-14 13:17:15
21135,2015,1,6,2015-01-06 03:00:00.000,PT60M,10Y1001A1001A47J,MBA,SE4 MBA,SE4,Replacement Reserve (RR),,,0.0,0.0,,,AVERAGE,EUR,2017-09-14 13:17:15
21172,2015,1,6,2015-01-06 04:00:00.000,PT60M,10Y1001A1001A47J,MBA,SE4 MBA,SE4,Replacement Reserve (RR),,,0.0,0.0,,,AVERAGE,EUR,2017-09-14 13:17:15
21173,2015,1,6,2015-01-06 05:00:00.000,PT60M,10Y1001A1001A47J,MBA,SE4 MBA,SE4,Replacement Reserve (RR),,,0.0,0.0,,,AVERAGE,EUR,2017-09-14 13:17:15
21174,2015,1,6,2015-01-06 06:00:00.000,PT60M,10Y1001A1001A47J,MBA,SE4 MBA,SE4,Replacement Reserve (RR),,,0.0,0.0,,,AVERAGE,EUR,2017-09-14 13:17:15
21175,2015,1,6,2015-01-06 07:00:00.000,PT60M,10Y1001A1001A47J,MBA,SE4 MBA,SE4,Replacement Reserve (RR),,,0.0,0.0,,,AVERAGE,EUR,2017-09-14 13:17:15
21176,2015,1,6,2015-01-06 08:00:00.000,PT60M,10Y1001A1001A47J,MBA,SE4 MBA,SE4,Replacement Reserve (RR),,,0.0,0.0,,,AVERAGE,EUR,2017-09-14 13:17:15
21177,2015,1,6,2015-01-06 09:00:00.000,PT60M,10Y1001A1001A47J,MBA,SE4 MBA,SE4,Replacement Reserve (RR),,,0.0,0.0,,,AVERAGE,EUR,2017-09-14 13:17:15
21178,2015,1,6,2015-01-06 10:00:00.000,PT60M,10Y1001A1001A47J,MBA,SE4 MBA,SE4,Replacement Reserve (RR),,,0.0,0.0,,,AVERAGE,EUR,2017-09-14 13:17:15
21179,2015,1,6,2015-01-06 11:00:00.000,PT60M,10Y1001A1001A47J,MBA,SE4 MBA,SE4,Replacement Reserve (RR),,,0.0,0.0,,,AVERAGE,EUR,2017-09-14 13:17:15
21180,2015,1,6,2015-01-06 12:00:00.000,PT60M,10Y1001A1001A47J,MBA,SE4 MBA,SE4,Replacement Reserve (RR),,,0.0,0.0,,,AVERAGE,EUR,2017-09-14 13:17:15
21181,2015,1,6,2015-01-06 13:00:00.000,PT60M,10Y1001A1001A47J,MBA,SE4 MBA,SE4,Replacement Reserve (RR),,,0.0,0.0,,,AVERAGE,EUR,2017-09-14 13:17:15
21182,2015,1,6,2015-01-06 14:00:00.000,PT60M,10Y1001A1001A47J,MBA,SE4 MBA,SE4,Replacement Reserve (RR),,,0.0,0.0,,,AVERAGE,EUR,2017-09-14 13:17:15
21183,2015,1,6,2015-01-06 15:00:00.000,PT60M,10Y1001A1001A47J,MBA,SE4 MBA,SE4,Replacement Reserve (RR),,,0.0,0.0,,,AVERAGE,EUR,2017-09-14 13:17:15
21184,2015,1,6,2015-01-06 16:00:00.000,PT60M,10Y1001A1001A47J,MBA,SE4 MBA,SE4,Replacement Reserve (RR),,,0.0,0.0,,,AVERAGE,EUR,2017-09-14 13:17:15
21185,2015,1,6,2015-01-06 17:00:00.000,PT60M,10Y1001A1001A47J,MBA,SE4 MBA,SE4,Replacement Reserve (RR),,,0.0,0.0,,,AVERAGE,EUR,2017-09-14 13:17:15
21186,2015,1,6,2015-01-06 18:00:00.000,PT60M,10Y1001A1001A47J,MBA,SE4 MBA,SE4,Replacement Reserve (RR),,,0.0,0.0,,,AVERAGE,EUR,2017-09-14 13:17:15
21187,2015,1,6,2015-01-06 19:00:00.000,PT60M,10Y1001A1001A47J,MBA,SE4 MBA,SE4,Replacement Reserve (RR),,,0.0,0.0,,,AVERAGE,EUR,2017-09-14 13:17:15
21188,2015,1,6,2015-01-06 20:00:00.000,PT60M,10Y1001A1001A47J,MBA,SE4 MBA,SE4,Replacement Reserve (RR),,,0.0,0.0,,,AVERAGE,EUR,2017-09-14 13:17:15
21189,2015,1,6,2015-01-06 21:00:00.000,PT60M,10Y1001A1001A47J,MBA,SE4 MBA,SE4,Replacement Reserve (RR),,,0.0,0.0,,,AVERAGE,EUR,2017-09-14 13:17:15
21190,2015,1,6,2015-01-06 22:00:00.000,PT60M,10Y1001A1001A47J,MBA,SE4 MBA,SE4,Replacement Reserve (RR),,,0.0,0.0,,,AVERAGE,EUR,2017-09-14 13:17:15
21191,2015,1,6,2015-01-06 23:00:00.000,PT60M,10Y1001A1001A47J,MBA,SE4 MBA,SE4,Replacement Reserve (RR),,,0.0,0.0,,,AVERAGE,EUR,2017-09-14 13:17:15
11987,2015,1,7,2015-01-07 00:00:00.000,PT60M,10Y1001A1001A47J,MBA,SE4 MBA,SE4,Replacement Reserve (RR),,,0.0,0.0,,,AVERAGE,EUR,2017-09-14 13:17:15
11988,2015,1,7,2015-01-07 01:00:00.000,PT60M,10Y1001A1001A47J,MBA,SE4 MBA,SE4,Replacement Reserve (RR),,,0.0,0.0,,,AVERAGE,EUR,2017-09-14 13:17:15
11989,2015,1,7,2015-01-07 02:00:00.000,PT60M,10Y1001A1001A47J,MBA,SE4 MBA,SE4,Replacement Reserve (RR),,,0.0,0.0,,,AVERAGE,EUR,2017-09-14 13:17:15
11990,2015,1,7,2015-01-07 03:00:00.000,PT60M,10Y1001A1001A47J,MBA,SE4 MBA,SE4,Replacement Reserve (RR),,,0.0,0.0,,,AVERAGE,EUR,2017-09-14 13:17:15
11991,2015,1,7,2015-01-07 04:00:00.000,PT60M,10Y1001A1001A47J,MBA,SE4 MBA,SE4,Replacement Reserve (RR),,,0.0,0.0,,,AVERAGE,EUR,2017-09-14 13:17:15
11992,2015,1,7,2015-01-07 05:00:00.000,PT60M,10Y1001A1001A47J,MBA,SE4 MBA,SE4,Replacement Reserve (RR),,,0.0,0.0,,,AVERAGE,EUR,2017-09-14 13:17:15
11993,2015,1,7,2015-01-07 06:00:00.000,PT60M,10Y1001A1001A47J,MBA,SE4 MBA,SE4,Replacement Reserve (RR),,,0.0,0.0,,,AVERAGE,EUR,2017-09-14 13:17:15
11994,2015,1,7,2015-01-07 07:00:00.000,PT60M,10Y1001A1001A47J,MBA,SE4 MBA,SE4,Replacement Reserve (RR),,,0.0,0.0,,,AVERAGE,EUR,2017-09-14 13:17:15
11995,2015,1,7,2015-01-07 08:00:00.000,PT60M,10Y1001A1001A47J,MBA,SE4 MBA,SE4,Replacement Reserve (RR),,,0.0,0.0,,,AVERAGE,EUR,2017-09-14 13:17:15
11996,2015,1,7,2015-01-07 09:00:00.000,PT60M,10Y1001A1001A47J,MBA,SE4 MBA,SE4,Replacement Reserve (RR),,,0.0,0.0,,,AVERAGE,EUR,2017-09-14 13:17:15
11997,2015,1,7,2015-01-07 10:00:00.000,PT60M,10Y1001A1001A47J,MBA,SE4 MBA,SE4,Replacement Reserve (RR),,,0.0,0.0,,,AVERAGE,EUR,2017-09-14 13:17:15
11998,2015,1,7,2015-01-07 11:00:00.000,PT60M,10Y1001A1001A47J,MBA,SE4 MBA,SE4,Replacement Reserve (RR),,,0.0,0.0,,,AVERAGE,EUR,2017-09-14 13:17:15
11999,2015,1,7,2015-01-07 12:00:00.000,PT60M,10Y1001A1001A47J,MBA,SE4 MBA,SE4,Replacement Reserve (RR),,,0.0,0.0,,,AVERAGE,EUR,2017-09-14 13:17:15
12000,2015,1,7,2015-01-07 13:00:00.000,PT60M,10Y1001A1001A47J,MBA,SE4 MBA,SE4,Replacement Reserve (RR),,,0.0,0.0,,,AVERAGE,EUR,2017-09-14 13:17:15
12001,2015,1,7,2015-01-07 14:00:00.000,PT60M,10Y1001A1001A47J,MBA,SE4 MBA,SE4,Replacement Reserve (RR),,,0.0,0.0,,,AVERAGE,EUR,2017-09-14 13:17:15
12002,2015,1,7,2015-01-07 15:00:00.000,PT60M,10Y1001A1001A47J,MBA,SE4 MBA,SE4,Replacement Reserve (RR),,,0.0,0.0,,,AVERAGE,EUR,2017-09-14 13:17:15
12003,2015,1,7,2015-01-07 16:00:00.000,PT60M,10Y1001A1001A47J,MBA,SE4 MBA,SE4,Replacement Reserve (RR),,,0.0,0.0,,,AVERAGE,EUR,2017-09-14 13:17:15
12004,2015,1,7,2015-01-07 17:00:00.000,PT60M,10Y1001A1001A47J,MBA,SE4 MBA,SE4,Replacement Reserve (RR),,,0.0,0.0,,,AVERAGE,EUR,2017-09-14 13:17:15
12005,2015,1,7,2015-01-07 18:00:00.000,PT60M,10Y1001A1001A47J,MBA,SE4 MBA,SE4,Replacement Reserve (RR),,,0.0,0.0,,,AVERAGE,EUR,2017-09-14 13:17:15
12006,2015,1,7,2015-01-07 19:00:00.000,PT60M,10Y1001A1001A47J,MBA,SE4 MBA,SE4,Replacement Reserve (RR),,,0.0,0.0,,,AVERAGE,EUR,2017-09-14 13:17:15
12007,2015,1,7,2015-01-07 20:00:00.000,PT60M,10Y1001A1001A47J,MBA,SE4 MBA,SE4,Replacement Reserve (RR),,,0.0,0.0,,,AVERAGE,EUR,2017-09-14 13:17:15
12008,2015,1,7,2015-01-07 21:00:00.000,PT60M,10Y1001A1001A47J,MBA,SE4 MBA,SE4,Replacement Reserve (RR),,,0.0,0.0,,,AVERAGE,EUR,2017-09-14 13:17:15
12009,2015,1,7,2015-01-07 22:00:00.000,PT60M,10Y1001A1001A47J,MBA,SE4 MBA,SE4,Replacement Reserve (RR),,,0.0,0.0,,,AVERAGE,EUR,2017-09-14 13:17:15
12010,2015,1,7,2015-01-07 23:00:00.000,PT60M,10Y1001A1001A47J,MBA,SE4 MBA,SE4,Replacement Reserve (RR),,,0.0,0.0,,,AVERAGE,EUR,2017-09-14 13:17:15
16280,2015,1,8,2015-01-08 00:00:00.000,PT60M,10Y1001A1001A47J,MBA,SE4 MBA,SE4,Replacement Reserve (RR),,,0.0,0.0,,,AVERAGE,EUR,2017-09-14 13:17:16
16281,2015,1,8,2015-01-08 01:00:00.000,PT60M,10Y1001A1001A47J,MBA,SE4 MBA,SE4,Replacement Reserve (RR),,,0.0,0.0,,,AVERAGE,EUR,2017-09-14 13:17:16
16282,2015,1,8,2015-01-08 02:00:00.000,PT60M,10Y1001A1001A47J,MBA,SE4 MBA,SE4,Replacement Reserve (RR),,,0.0,0.0,,,AVERAGE,EUR,2017-09-14 13:17:16
16283,2015,1,8,2015-01-08 03:00:00.000,PT60M,10Y1001A1001A47J,MBA,SE4 MBA,SE4,Replacement Reserve (RR),,,0.0,0.0,,,AVERAGE,EUR,2017-09-14 13:17:16
16284,2015,1,8,2015-01-08 04:00:00.000,PT60M,10Y1001A1001A47J,MBA,SE4 MBA,SE4,Replacement Reserve (RR),,,0.0,0.0,,,AVERAGE,EUR,2017-09-14 13:17:16
16285,2015,1,8,2015-01-08 05:00:00.000,PT60M,10Y1001A1001A47J,MBA,SE4 MBA,SE4,Replacement Reserve (RR),,,0.0,0.0,,,AVERAGE,EUR,2017-09-14 13:17:16
16286,2015,1,8,2015-01-08 06:00:00.000,PT60M,10Y1001A1001A47J,MBA,SE4 MBA,SE4,Replacement Reserve (RR),,,0.0,0.0,,,AVERAGE,EUR,2017-09-14 13:17:16
16287,2015,1,8,2015-01-08 07:00:00.000,PT60M,10Y1001A1001A47J,MBA,SE4 MBA,SE4,Replacement Reserve (RR),,,0.0,0.0,,,AVERAGE,EUR,2017-09-14 13:17:16
16288,2015,1,8,2015-01-08 08:00:00.000,PT60M,10Y1001A1001A47J,MBA,SE4 MBA,SE4,Replacement Reserve (RR),,,0.0,0.0,,,AVERAGE,EUR,2017-09-14 13:17:16
16289,2015,1,8,2015-01-08 09:00:00.000,PT60M,10Y1001A1001A47J,MBA,SE4 MBA,SE4,Replacement Reserve (RR),,,0.0,0.0,,,AVERAGE,EUR,2017-09-14 13:17:16
16290,2015,1,8,2015-01-08 10:00:00.000,PT60M,10Y1001A1001A47J,MBA,SE4 MBA,SE4,Replacement Reserve (RR),,,0.0,0.0,,,AVERAGE,EUR,2017-09-14 13:17:16
16291,2015,1,8,2015-01-08 11:00:00.000,PT60M,10Y1001A1001A47J,MBA,SE4 MBA,SE4,Replacement Reserve (RR),,,0.0,0.0,,,AVERAGE,EUR,2017-09-14 13:17:16
16292,2015,1,8,2015-01-08 12:00:00.000,PT60M,10Y1001A1001A47J,MBA,SE4 MBA,SE4,Replacement Reserve (RR),,,0.0,0.0,,,AVERAGE,EUR,2017-09-14 13:17:16
16293,2015,1,8,2015-01-08 13:00:00.000,PT60M,10Y1001A1001A47J,MBA,SE4 MBA,SE4,Replacement Reserve (RR),,,0.0,0.0,,,AVERAGE,EUR,2017-09-14 13:17:16
16294,2015,1,8,2015-01-08 14:00:00.000,PT60M,10Y1001A1001A47J,MBA,SE4 MBA,SE4,Replacement Reserve (RR),,,0.0,0.0,,,AVERAGE,EUR,2017-09-14 13:17:16
16295,2015,1,8,2015-01-08 15:00:00.000,PT60M,10Y1001A1001A47J,MBA,SE4 MBA,SE4,Replacement Reserve (RR),,,0.0,0.0,,,AVERAGE,EUR,2017-09-14 13:17:16
16296,2015,1,8,2015-01-08 16:00:00.000,PT60M,10Y1001A1001A47J,MBA,SE4 MBA,SE4,Replacement Reserve (RR),,,0.0,0.0,,,AVERAGE,EUR,2017-09-14 13:17:16
16297,2015,1,8,2015-01-08 17:00:00.000,PT60M,10Y1001A1001A47J,MBA,SE4 MBA,SE4,Replacement Reserve (RR),,,0.0,0.0,,,AVERAGE,EUR,2017-09-14 13:17:16
16298,2015,1,8,2015-01-08 18:00:00.000,PT60M,10Y1001A1001A47J,MBA,SE4 MBA,SE4,Replacement Reserve (RR),,,0.0,0.0,,,AVERAGE,EUR,2017-09-14 13:17:16
16299,2015,1,8,2015-01-08 19:00:00.000,PT60M,10Y1001A1001A47J,MBA,SE4 MBA,SE4,Replacement Reserve (RR),,,0.0,0.0,,,AVERAGE,EUR,2017-09-14 13:17:16
16300,2015,1,8,2015-01-08 20:00:00.000,PT60M,10Y1001A1001A47J,MBA,SE4 MBA,SE4,Replacement Reserve (RR),,,0.0,0.0,,,AVERAGE,EUR,2017-09-14 13:17:16
16301,2015,1,8,2015-01-08 21:00:00.000,PT60M,10Y1001A1001A47J,MBA,SE4 MBA,SE4,Replacement Reserve (RR),,,0.0,0.0,,,AVERAGE,EUR,2017-09-14 13:17:16
16302,2015,1,8,2015-01-08 22:00:00.000,PT60M,10Y1001A1001A47J,MBA,SE4 MBA,SE4,Replacement Reserve (RR),,,0.0,0.0,,,AVERAGE,EUR,2017-09-14 13:17:16
16303,2015,1,8,2015-01-08 23:00:00.000,PT60M,10Y1001A1001A47J,MBA,SE4 MBA,SE4,Replacement Reserve (RR),,,0.0,0.0,,,AVERAGE,EUR,2017-09-14 13:17:16
20499,2015,1,9,2015-01-09 00:00:00.000,PT60M,10Y1001A1001A47J,MBA,SE4 MBA,SE4,Replacement Reserve (RR),,,0.0,0.0,,,AVERAGE,EUR,2017-09-14 13:17:16
20500,2015,1,9,2015-01-09 01:00:00.000,PT60M,10Y1001A1001A47J,MBA,SE4 MBA,SE4,Replacement Reserve (RR),,,0.0,0.0,,,AVERAGE,EUR,2017-09-14 13:17:16
20501,2015,1,9,2015-01-09 02:00:00.000,PT60M,10Y1001A1001A47J,MBA,SE4 MBA,SE4,Replacement Reserve (RR),,,0.0,0.0,,,AVERAGE,EUR,2017-09-14 13:17:16
20502,2015,1,9,2015-01-09 03:00:00.000,PT60M,10Y1001A1001A47J,MBA,SE4 MBA,SE4,Replacement Reserve (RR),,,0.0,0.0,,,AVERAGE,EUR,2017-09-14 13:17:16
20503,2015,1,9,2015-01-09 04:00:00.000,PT60M,10Y1001A1001A47J,MBA,SE4 MBA,SE4,Replacement Reserve (RR),,,0.0,0.0,,,AVERAGE,EUR,2017-09-14 13:17:16
20504,2015,1,9,2015-01-09 05:00:00.000,PT60M,10Y1001A1001A47J,MBA,SE4 MBA,SE4,Replacement Reserve (RR),,,0.0,0.0,,,AVERAGE,EUR,2017-09-14 13:17:16
20505,2015,1,9,2015-01-09 06:00:00.000,PT60M,10Y1001A1001A47J,MBA,SE4 MBA,SE4,Replacement Reserve (RR),,,0.0,0.0,,,AVERAGE,EUR,2017-09-14 13:17:16
20506,2015,1,9,2015-01-09 07:00:00.000,PT60M,10Y1001A1001A47J,MBA,SE4 MBA,SE4,Replacement Reserve (RR),,,0.0,0.0,,,AVERAGE,EUR,2017-09-14 13:17:16
20507,2015,1,9,2015-01-09 08:00:00.000,PT60M,10Y1001A1001A47J,MBA,SE4 MBA,SE4,Replacement Reserve (RR),,,0.0,0.0,,,AVERAGE,EUR,2017-09-14 13:17:16
20508,2015,1,9,2015-01-09 09:00:00.000,PT60M,10Y1001A1001A47J,MBA,SE4 MBA,SE4,Replacement Reserve (RR),,,0.0,0.0,,,AVERAGE,EUR,2017-09-14 13:17:16
20509,2015,1,9,2015-01-09 10:00:00.000,PT60M,10Y1001A1001A47J,MBA,SE4 MBA,SE4,Replacement Reserve (RR),,,0.0,0.0,,,AVERAGE,EUR,2017-09-14 13:17:16
20510,2015,1,9,2015-01-09 11:00:00.000,PT60M,10Y1001A1001A47J,MBA,SE4 MBA,SE4,Replacement Reserve (RR),,,0.0,0.0,,,AVERAGE,EUR,2017-09-14 13:17:16
20511,2015,1,9,2015-01-09 12:00:00.000,PT60M,10Y1001A1001A47J,MBA,SE4 MBA,SE4,Replacement Reserve (RR),,,0.0,0.0,,,AVERAGE,EUR,2017-09-14 13:17:16
20512,2015,1,9,2015-01-09 13:00:00.000,PT60M,10Y1001A1001A47J,MBA,SE4 MBA,SE4,Replacement Reserve (RR),,,0.0,0.0,,,AVERAGE,EUR,2017-09-14 13:17:16
20513,2015,1,9,2015-01-09 14:00:00.000,PT60M,10Y1001A1001A47J,MBA,SE4 MBA,SE4,Replacement Reserve (RR),,,0.0,0.0,,,AVERAGE,EUR,2017-09-14 13:17:16
20514,2015,1,9,2015-01-09 15:00:00.000,PT60M,10Y1001A1001A47J,MBA,SE4 MBA,SE4,Replacement Reserve (RR),,,0.0,0.0,,,AVERAGE,EUR,2017-09-14 13:17:16
20515,2015,1,9,2015-01-09 16:00:00.000,PT60M,10Y1001A1001A47J,MBA,SE4 MBA,SE4,Replacement Reserve (RR),,,0.0,0.0,,,AVERAGE,EUR,2017-09-14 13:17:16
20516,2015,1,9,2015-01-09 17:00:00.000,PT60M,10Y1001A1001A47J,MBA,SE4 MBA,SE4,Replacement Reserve (RR),,,0.0,0.0,,,AVERAGE,EUR,2017-09-14 13:17:16
20517,2015,1,9,2015-01-09 18:00:00.000,PT60M,10Y1001A1001A47J,MBA,SE4 MBA,SE4,Replacement Reserve (RR),,,0.0,0.0,,,AVERAGE,EUR,2017-09-14 13:17:16
20518,2015,1,9,2015-01-09 19:00:00.000,PT60M,10Y1001A1001A47J,MBA,SE4 MBA,SE4,Replacement Reserve (RR),,,0.0,0.0,,,AVERAGE,EUR,2017-09-14 13:17:16
20519,2015,1,9,2015-01-09 20:00:00.000,PT60M,10Y1001A1001A47J,MBA,SE4 MBA,SE4,Replacement Reserve (RR),,,0.0,0.0,,,AVERAGE,EUR,2017-09-14 13:17:16
20520,2015,1,9,2015-01-09 21:00:00.000,PT60M,10Y1001A1001A47J,MBA,SE4 MBA,SE4,Replacement Reserve (RR),,,0.0,0.0,,,AVERAGE,EUR,2017-09-14 13:17:16
20521,2015,1,9,2015-01-09 22:00:00.000,PT60M,10Y1001A1001A47J,MBA,SE4 MBA,SE4,Replacement Reserve (RR),,,0.0,0.0,,,AVERAGE,EUR,2017-09-14 13:17:16
20522,2015,1,9,2015-01-09 23:00:00.000,PT60M,10Y1001A1001A47J,MBA,SE4 MBA,SE4,Replacement Reserve (RR),,,0.0,0.0,,,AVERAGE,EUR,2017-09-14 13:17:16
31626,2015,1,10,2015-01-10 00:00:00.000,PT60M,10Y1001A1001A47J,MBA,SE4 MBA,SE4,Replacement Reserve (RR),,,0.0,0.0,,,AVERAGE,EUR,2017-09-14 13:17:17
31627,2015,1,10,2015-01-10 01:00:00.000,PT60M,10Y1001A1001A47J,MBA,SE4 MBA,SE4,Replacement Reserve (RR),,,0.0,0.0,,,AVERAGE,EUR,2017-09-14 13:17:17
31628,2015,1,10,2015-01-10 02:00:00.000,PT60M,10Y1001A1001A47J,MBA,SE4 MBA,SE4,Replacement Reserve (RR),,,0.0,0.0,,,AVERAGE,EUR,2017-09-14 13:17:17
31629,2015,1,10,2015-01-10 03:00:00.000,PT60M,10Y1001A1001A47J,MBA,SE4 MBA,SE4,Replacement Reserve (RR),,,0.0,0.0,,,AVERAGE,EUR,2017-09-14 13:17:17
31630,2015,1,10,2015-01-10 04:00:00.000,PT60M,10Y1001A1001A47J,MBA,SE4 MBA,SE4,Replacement Reserve (RR),,,0.0,0.0,,,AVERAGE,EUR,2017-09-14 13:17:17
31631,2015,1,10,2015-01-10 05:00:00.000,PT60M,10Y1001A1001A47J,MBA,SE4 MBA,SE4,Replacement Reserve (RR),,,0.0,0.0,,,AVERAGE,EUR,2017-09-14 13:17:17
31632,2015,1,10,2015-01-10 06:00:00.000,PT60M,10Y1001A1001A47J,MBA,SE4 MBA,SE4,Replacement Reserve (RR),,,0.0,0.0,,,AVERAGE,EUR,2017-09-14 13:17:17
31633,2015,1,10,2015-01-10 07:00:00.000,PT60M,10Y1001A1001A47J,MBA,SE4 MBA,SE4,Replacement Reserve (RR),,,0.0,0.0,,,AVERAGE,EUR,2017-09-14 13:17:17
31634,2015,1,10,2015-01-10 08:00:00.000,PT60M,10Y1001A1001A47J,MBA,SE4 MBA,SE4,Replacement Reserve (RR),,,0.0,0.0,,,AVERAGE,EUR,2017-09-14 13:17:17
31635,2015,1,10,2015-01-10 09:00:00.000,PT60M,10Y1001A1001A47J,MBA,SE4 MBA,SE4,Replacement Reserve (RR),,,0.0,0.0,,,AVERAGE,EUR,2017-09-14 13:17:17
31636,2015,1,10,2015-01-10 10:00:00.000,PT60M,10Y1001A1001A47J,MBA,SE4 MBA,SE4,Replacement Reserve (RR),,,0.0,0.0,,,AVERAGE,EUR,2017-09-14 13:17:17
31637,2015,1,10,2015-01-10 11:00:00.000,PT60M,10Y1001A1001A47J,MBA,SE4 MBA,SE4,Replacement Reserve (RR),,,0.0,0.0,,,AVERAGE,EUR,2017-09-14 13:17:17
31638,2015,1,10,2015-01-10 12:00:00.000,PT60M,10Y1001A1001A47J,MBA,SE4 MBA,SE4,Replacement Reserve (RR),,,0.0,0.0,,,AVERAGE,EUR,2017-09-14 13:17:17
31639,2015,1,10,2015-01-10 13:00:00.000,PT60M,10Y1001A1001A47J,MBA,SE4 MBA,SE4,Replacement Reserve (RR),,,0.0,0.0,,,AVERAGE,EUR,2017-09-14 13:17:17
31659,2015,1,10,2015-01-10 14:00:00.000,PT60M,10Y1001A1001A47J,MBA,SE4 MBA,SE4,Replacement Reserve (RR),,,0.0,0.0,,,AVERAGE,EUR,2017-09-14 13:17:17
31660,2015,1,10,2015-01-10 15:00:00.000,PT60M,10Y1001A1001A47J,MBA,SE4 MBA,SE4,Replacement Reserve (RR),,,0.0,0.0,,,AVERAGE,EUR,2017-09-14 13:17:17
31661,2015,1,10,2015-01-10 16:00:00.000,PT60M,10Y1001A1001A47J,MBA,SE4 MBA,SE4,Replacement Reserve (RR),,,0.0,0.0,,,AVERAGE,EUR,2017-09-14 13:17:17
31662,2015,1,10,2015-01-10 17:00:00.000,PT60M,10Y1001A1001A47J,MBA,SE4 MBA,SE4,Replacement Reserve (RR),,,0.0,0.0,,,AVERAGE,EUR,2017-09-14 13:17:17
31663,2015,1,10,2015-01-10 18:00:00.000,PT60M,10Y1001A1001A47J,MBA,SE4 MBA,SE4,Replacement Reserve (RR),,,0.0,0.0,,,AVERAGE,EUR,2017-09-14 13:17:17
31664,2015,1,10,2015-01-10 19:00:00.000,PT60M,10Y1001A1001A47J,MBA,SE4 MBA,SE4,Replacement Reserve (RR),,,0.0,0.0,,,AVERAGE,EUR,2017-09-14 13:17:17
31665,2015,1,10,2015-01-10 20:00:00.000,PT60M,10Y1001A1001A47J,MBA,SE4 MBA,SE4,Replacement Reserve (RR),,,0.0,0.0,,,AVERAGE,EUR,2017-09-14 13:17:17
31666,2015,1,10,2015-01-10 21:00:00.000,PT60M,10Y1001A1001A47J,MBA,SE4 MBA,SE4,Replacement Reserve (RR),,,0.0,0.0,,,AVERAGE,EUR,2017-09-14 13:17:17
31667,2015,1,10,2015-01-10 22:00:00.000,PT60M,10Y1001A1001A47J,MBA,SE4 MBA,SE4,Replacement Reserve (RR),,,0.0,0.0,,,AVERAGE,EUR,2017-09-14 13:17:17
31668,2015,1,10,2015-01-10 23:00:00.000,PT60M,10Y1001A1001A47J,MBA,SE4 MBA,SE4,Replacement Reserve (RR),,,0.0,0.0,,,AVERAGE,EUR,2017-09-14 13:17:17
53014,2015,1,11,2015-01-11 00:00:00.000,PT60M,10Y1001A1001A47J,MBA,SE4 MBA,SE4,Replacement Reserve (RR),,,0.0,0.0,,,AVERAGE,EUR,2017-09-14 13:17:17
53015,2015,1,11,2015-01-11 01:00:00.000,PT60M,10Y1001A1001A47J,MBA,SE4 MBA,SE4,Replacement Reserve (RR),,,0.0,0.0,,,AVERAGE,EUR,2017-09-14 13:17:17
53016,2015,1,11,2015-01-11 02:00:00.000,PT60M,10Y1001A1001A47J,MBA,SE4 MBA,SE4,Replacement Reserve (RR),,,0.0,0.0,,,AVERAGE,EUR,2017-09-14 13:17:17
53017,2015,1,11,2015-01-11 03:00:00.000,PT60M,10Y1001A1001A47J,MBA,SE4 MBA,SE4,Replacement Reserve (RR),,,0.0,0.0,,,AVERAGE,EUR,2017-09-14 13:17:17
53018,2015,1,11,2015-01-11 04:00:00.000,PT60M,10Y1001A1001A47J,MBA,SE4 MBA,SE4,Replacement Reserve (RR),,,0.0,0.0,,,AVERAGE,EUR,2017-09-14 13:17:17
53019,2015,1,11,2015-01-11 05:00:00.000,PT60M,10Y1001A1001A47J,MBA,SE4 MBA,SE4,Replacement Reserve (RR),,,0.0,0.0,,,AVERAGE,EUR,2017-09-14 13:17:17
53020,2015,1,11,2015-01-11 06:00:00.000,PT60M,10Y1001A1001A47J,MBA,SE4 MBA,SE4,Replacement Reserve (RR),,,0.0,0.0,,,AVERAGE,EUR,2017-09-14 13:17:17
53021,2015,1,11,2015-01-11 07:00:00.000,PT60M,10Y1001A1001A47J,MBA,SE4 MBA,SE4,Replacement Reserve (RR),,,0.0,0.0,,,AVERAGE,EUR,2017-09-14 13:17:17
53022,2015,1,11,2015-01-11 08:00:00.000,PT60M,10Y1001A1001A47J,MBA,SE4 MBA,SE4,Replacement Reserve (RR),,,0.0,0.0,,,AVERAGE,EUR,2017-09-14 13:17:17
53023,2015,1,11,2015-01-11 09:00:00.000,PT60M,10Y1001A1001A47J,MBA,SE4 MBA,SE4,Replacement Reserve (RR),,,0.0,0.0,,,AVERAGE,EUR,2017-09-14 13:17:17
53024,2015,1,11,2015-01-11 10:00:00.000,PT60M,10Y1001A1001A47J,MBA,SE4 MBA,SE4,Replacement Reserve (RR),,,0.0,0.0,,,AVERAGE,EUR,2017-09-14 13:17:17
53025,2015,1,11,2015-01-11 11:00:00.000,PT60M,10Y1001A1001A47J,MBA,SE4 MBA,SE4,Replacement Reserve (RR),,,0.0,0.0,,,AVERAGE,EUR,2017-09-14 13:17:17
53026,2015,1,11,2015-01-11 12:00:00.000,PT60M,10Y1001A1001A47J,MBA,SE4 MBA,SE4,Replacement Reserve (RR),,,0.0,0.0,,,AVERAGE,EUR,2017-09-14 13:17:17
53027,2015,1,11,2015-01-11 13:00:00.000,PT60M,10Y1001A1001A47J,MBA,SE4 MBA,SE4,Replacement Reserve (RR),,,0.0,0.0,,,AVERAGE,EUR,2017-09-14 13:17:17
53028,2015,1,11,2015-01-11 14:00:00.000,PT60M,10Y1001A1001A47J,MBA,SE4 MBA,SE4,Replacement Reserve (RR),,,0.0,0.0,,,AVERAGE,EUR,2017-09-14 13:17:17
53029,2015,1,11,2015-01-11 15:00:00.000,PT60M,10Y1001A1001A47J,MBA,SE4 MBA,SE4,Replacement Reserve (RR),,,0.0,0.0,,,AVERAGE,EUR,2017-09-14 13:17:17
53048,2015,1,11,2015-01-11 16:00:00.000,PT60M,10Y1001A1001A47J,MBA,SE4 MBA,SE4,Replacement Reserve (RR),,,0.0,0.0,,,AVERAGE,EUR,2017-09-14 13:17:17
53049,2015,1,11,2015-01-11 17:00:00.000,PT60M,10Y1001A1001A47J,MBA,SE4 MBA,SE4,Replacement Reserve (RR),,,0.0,0.0,,,AVERAGE,EUR,2017-09-14 13:17:17
53050,2015,1,11,2015-01-11 18:00:00.000,PT60M,10Y1001A1001A47J,MBA,SE4 MBA,SE4,Replacement Reserve (RR),,,0.0,0.0,,,AVERAGE,EUR,2017-09-14 13:17:17
53051,2015,1,11,2015-01-11 19:00:00.000,PT60M,10Y1001A1001A47J,MBA,SE4 MBA,SE4,Replacement Reserve (RR),,,0.0,0.0,,,AVERAGE,EUR,2017-09-14 13:17:17
53052,2015,1,11,2015-01-11 20:00:00.000,PT60M,10Y1001A1001A47J,MBA,SE4 MBA,SE4,Replacement Reserve (RR),,,0.0,0.0,,,AVERAGE,EUR,2017-09-14 13:17:17
53053,2015,1,11,2015-01-11 21:00:00.000,PT60M,10Y1001A1001A47J,MBA,SE4 MBA,SE4,Replacement Reserve (RR),,,0.0,0.0,,,AVERAGE,EUR,2017-09-14 13:17:17
53054,2015,1,11,2015-01-11 22:00:00.000,PT60M,10Y1001A1001A47J,MBA,SE4 MBA,SE4,Replacement Reserve (RR),,,0.0,0.0,,,AVERAGE,EUR,2017-09-14 13:17:17
53055,2015,1,11,2015-01-11 23:00:00.000,PT60M,10Y1001A1001A47J,MBA,SE4 MBA,SE4,Replacement Reserve (RR),,,0.0,0.0,,,AVERAGE,EUR,2017-09-14 13:17:17
26845,2015,1,12,2015-01-12 00:00:00.000,PT60M,10Y1001A1001A47J,MBA,SE4 MBA,SE4,Replacement Reserve (RR),,,0.0,0.0,,,AVERAGE,EUR,2017-09-14 13:17:20
26846,2015,1,12,2015-01-12 01:00:00.000,PT60M,10Y1001A1001A47J,MBA,SE4 MBA,SE4,Replacement Reserve (RR),,,0.0,0.0,,,AVERAGE,EUR,2017-09-14 13:17:20
26847,2015,1,12,2015-01-12 02:00:00.000,PT60M,10Y1001A1001A47J,MBA,SE4 MBA,SE4,Replacement Reserve (RR),,,0.0,0.0,,,AVERAGE,EUR,2017-09-14 13:17:20
26848,2015,1,12,2015-01-12 03:00:00.000,PT60M,10Y1001A1001A47J,MBA,SE4 MBA,SE4,Replacement Reserve (RR),,,0.0,0.0,,,AVERAGE,EUR,2017-09-14 13:17:20
26849,2015,1,12,2015-01-12 04:00:00.000,PT60M,10Y1001A1001A47J,MBA,SE4 MBA,SE4,Replacement Reserve (RR),,,0.0,0.0,,,AVERAGE,EUR,2017-09-14 13:17:20
26850,2015,1,12,2015-01-12 05:00:00.000,PT60M,10Y1001A1001A47J,MBA,SE4 MBA,SE4,Replacement Reserve (RR),,,0.0,0.0,,,AVERAGE,EUR,2017-09-14 13:17:20
26869,2015,1,12,2015-01-12 06:00:00.000,PT60M,10Y1001A1001A47J,MBA,SE4 MBA,SE4,Replacement Reserve (RR),,,0.0,0.0,,,AVERAGE,EUR,2017-09-14 13:17:20
26870,2015,1,12,2015-01-12 07:00:00.000,PT60M,10Y1001A1001A47J,MBA,SE4 MBA,SE4,Replacement Reserve (RR),,,0.0,0.0,,,AVERAGE,EUR,2017-09-14 13:17:20
26871,2015,1,12,2015-01-12 08:00:00.000,PT60M,10Y1001A1001A47J,MBA,SE4 MBA,SE4,Replacement Reserve (RR),,,0.0,0.0,,,AVERAGE,EUR,2017-09-14 13:17:20
26872,2015,1,12,2015-01-12 09:00:00.000,PT60M,10Y1001A1001A47J,MBA,SE4 MBA,SE4,Replacement Reserve (RR),,,0.0,0.0,,,AVERAGE,EUR,2017-09-14 13:17:20
26873,2015,1,12,2015-01-12 10:00:00.000,PT60M,10Y1001A1001A47J,MBA,SE4 MBA,SE4,Replacement Reserve (RR),,,0.0,0.0,,,AVERAGE,EUR,2017-09-14 13:17:20
26874,2015,1,12,2015-01-12 11:00:00.000,PT60M,10Y1001A1001A47J,MBA,SE4 MBA,SE4,Replacement Reserve (RR),,,0.0,0.0,,,AVERAGE,EUR,2017-09-14 13:17:20
26875,2015,1,12,2015-01-12 12:00:00.000,PT60M,10Y1001A1001A47J,MBA,SE4 MBA,SE4,Replacement Reserve (RR),,,0.0,0.0,,,AVERAGE,EUR,2017-09-14 13:17:20
26876,2015,1,12,2015-01-12 13:00:00.000,PT60M,10Y1001A1001A47J,MBA,SE4 MBA,SE4,Replacement Reserve (RR),,,0.0,0.0,,,AVERAGE,EUR,2017-09-14 13:17:20
26877,2015,1,12,2015-01-12 14:00:00.000,PT60M,10Y1001A1001A47J,MBA,SE4 MBA,SE4,Replacement Reserve (RR),,,0.0,0.0,,,AVERAGE,EUR,2017-09-14 13:17:20
26878,2015,1,12,2015-01-12 15:00:00.000,PT60M,10Y1001A1001A47J,MBA,SE4 MBA,SE4,Replacement Reserve (RR),,,0.0,0.0,,,AVERAGE,EUR,2017-09-14 13:17:20
26879,2015,1,12,2015-01-12 16:00:00.000,PT60M,10Y1001A1001A47J,MBA,SE4 MBA,SE4,Replacement Reserve (RR),,,0.0,0.0,,,AVERAGE,EUR,2017-09-14 13:17:20
26880,2015,1,12,2015-01-12 17:00:00.000,PT60M,10Y1001A1001A47J,MBA,SE4 MBA,SE4,Replacement Reserve (RR),,,0.0,0.0,,,AVERAGE,EUR,2017-09-14 13:17:20
26881,2015,1,12,2015-01-12 18:00:00.000,PT60M,10Y1001A1001A47J,MBA,SE4 MBA,SE4,Replacement Reserve (RR),,,0.0,0.0,,,AVERAGE,EUR,2017-09-14 13:17:20
26882,2015,1,12,2015-01-12 19:00:00.000,PT60M,10Y1001A1001A47J,MBA,SE4 MBA,SE4,Replacement Reserve (RR),,,0.0,0.0,,,AVERAGE,EUR,2017-09-14 13:17:20
26883,2015,1,12,2015-01-12 20:00:00.000,PT60M,10Y1001A1001A47J,MBA,SE4 MBA,SE4,Replacement Reserve (RR),,,0.0,0.0,,,AVERAGE,EUR,2017-09-14 13:17:20
26884,2015,1,12,2015-01-12 21:00:00.000,PT60M,10Y1001A1001A47J,MBA,SE4 MBA,SE4,Replacement Reserve (RR),,,0.0,0.0,,,AVERAGE,EUR,2017-09-14 13:17:20
26885,2015,1,12,2015-01-12 22:00:00.000,PT60M,10Y1001A1001A47J,MBA,SE4 MBA,SE4,Replacement Reserve (RR),,,0.0,0.0,,,AVERAGE,EUR,2017-09-14 13:17:20
26886,2015,1,12,2015-01-12 23:00:00.000,PT60M,10Y1001A1001A47J,MBA,SE4 MBA,SE4,Replacement Reserve (RR),,,0.0,0.0,,,AVERAGE,EUR,2017-09-14 13:17:20
31442,2015,1,13,2015-01-13 00:00:00.000,PT60M,10Y1001A1001A47J,MBA,SE4 MBA,SE4,Replacement Reserve (RR),,,0.0,0.0,,,AVERAGE,EUR,2017-09-14 13:17:21
31443,2015,1,13,2015-01-13 01:00:00.000,PT60M,10Y1001A1001A47J,MBA,SE4 MBA,SE4,Replacement Reserve (RR),,,0.0,0.0,,,AVERAGE,EUR,2017-09-14 13:17:21
31444,2015,1,13,2015-01-13 02:00:00.000,PT60M,10Y1001A1001A47J,MBA,SE4 MBA,SE4,Replacement Reserve (RR),,,0.0,0.0,,,AVERAGE,EUR,2017-09-14 13:17:21
31445,2015,1,13,2015-01-13 03:00:00.000,PT60M,10Y1001A1001A47J,MBA,SE4 MBA,SE4,Replacement Reserve (RR),,,0.0,0.0,,,AVERAGE,EUR,2017-09-14 13:17:21
31446,2015,1,13,2015-01-13 04:00:00.000,PT60M,10Y1001A1001A47J,MBA,SE4 MBA,SE4,Replacement Reserve (RR),,,0.0,0.0,,,AVERAGE,EUR,2017-09-14 13:17:21
31447,2015,1,13,2015-01-13 05:00:00.000,PT60M,10Y1001A1001A47J,MBA,SE4 MBA,SE4,Replacement Reserve (RR),,,0.0,0.0,,,AVERAGE,EUR,2017-09-14 13:17:21
31448,2015,1,13,2015-01-13 06:00:00.000,PT60M,10Y1001A1001A47J,MBA,SE4 MBA,SE4,Replacement Reserve (RR),,,0.0,0.0,,,AVERAGE,EUR,2017-09-14 13:17:21
31449,2015,1,13,2015-01-13 08:00:00.000,PT60M,10Y1001A1001A47J,MBA,SE4 MBA,SE4,Replacement Reserve (RR),,,0.0,0.0,,,AVERAGE,EUR,2017-09-14 13:17:21
